Location;Crop;Unit;1990;1991;1992;1993;1994;1995;1996;1997;1998;1999;2000;2001;2002;2003;2004;2005;2006;2007;2008;2009;2010;2011;2012;2013;2014;2015;2016;2017;2018;2019;2020;2021;2022;2023;2024;2025;2026;2027;2028;2029;2030;;;
Argentina;Wheat;Tonnes/hectare;1,897;2,181;2,327;2,024;2,167;1,934;2,243;2,609;2,303;2,429;2,491;2,235;2,033;2,539;2,631;2,531;2,626;2,827;1,963;2,535;3,508;3,171;2,574;2,521;2,648;2,580;2,893;3,120;3,094;2,862;2,567;2,941;2,970;3,008;3,035;3,059;3,090;3,123;3,155;3,188;3,219;;;
Australia;Wheat;Tonnes/hectare;1,634;1,470;1,781;1,966;1,136;1,790;2,096;1,842;1,860;2,035;1,821;2,108;0,907;2,000;1,635;2,021;0,917;1,079;1,583;1,573;2,030;2,151;1,761;2,006;1,917;1,974;2,610;1,918;1,692;1,485;2,400;2,021;2,049;2,081;2,108;2,135;2,163;2,193;2,222;2,251;2,279;;;
Brazil;Wheat;Tonnes/hectare;1,434;1,371;1,250;1,478;1,475;1,745;1,604;1,593;1,920;1,130;1,868;1,420;2,227;2,121;2,063;1,271;2,213;2,456;2,070;2,736;2,672;2,311;2,502;2,165;2,260;2,613;3,511;2,088;2,660;2,204;2,717;2,527;2,557;2,590;2,618;2,646;2,675;2,706;2,737;2,767;2,796;;;
BRICS;Wheat;Tonnes/hectare;2,463;2,385;2,571;2,576;2,483;2,489;2,558;2,849;2,452;2,691;2,704;2,799;2,792;2,659;2,865;2,826;3,001;3,065;3,218;3,179;2,987;3,284;3,208;3,362;3,509;3,368;3,616;3,785;3,715;3,762;3,803;3,755;3,782;3,808;3,834;3,858;3,885;3,911;3,938;3,965;3,992;;;
Canada;Wheat;Tonnes/hectare;2,277;2,256;2,160;2,200;2,127;2,247;2,430;2,129;2,255;2,597;2,445;1,945;1,832;2,257;2,641;2,738;2,610;2,332;2,858;2,790;2,809;2,957;2,874;3,598;3,082;2,893;3,581;3,382;3,274;3,384;3,512;3,390;3,492;3,529;3,563;3,597;3,633;3,670;3,707;3,745;3,782;;;
Chile;Wheat;Tonnes/hectare;2,947;3,410;3,377;3,352;3,511;3,549;3,325;4,022;3,531;3,809;4,300;4,272;4,320;4,576;4,576;5,879;6,052;4,568;4,075;5,773;5,816;4,951;5,806;5,326;5,635;6,077;5,996;6,225;6,286;6,004;5,980;6,010;6,039;6,077;6,105;6,129;6,160;6,193;6,225;6,258;6,288;;;
China (People's Republic of);Wheat;Tonnes/hectare;3,194;3,100;3,331;3,519;3,426;3,542;3,734;4,102;3,685;3,947;3,738;3,806;3,777;3,932;4,252;4,275;4,594;4,617;4,762;4,739;4,748;4,837;4,986;5,056;5,264;5,393;5,397;5,481;5,417;5,631;5,742;5,597;5,619;5,646;5,665;5,688;5,710;5,733;5,756;5,779;5,802;;;
Colombia;Wheat;Tonnes/hectare;1,842;2,000;1,744;1,882;2,059;2,114;2,167;2,083;2,053;2,353;1,850;2,133;1,519;1,725;1,870;2,632;2,335;2,125;2,212;2,033;2,243;2,048;1,938;2,331;2,340;1,782;3,347;2,068;2,200;1,000;1,667;1,600;1,618;1,641;1,666;1,690;1,718;1,744;1,771;1,798;1,825;;;
Egypt;Wheat;Tonnes/hectare;5,199;4,815;5,254;5,299;5,002;5,424;5,639;5,597;5,991;6,347;6,342;6,357;6,432;6,501;6,555;6,492;6,429;6,467;6,501;6,384;5,572;6,542;6,583;6,667;6,512;6,590;6,631;6,860;6,296;6,383;6,316;6,466;6,545;6,644;6,747;6,849;6,961;7,071;7,182;7,295;7,406;;;
Ethiopia;Wheat;Tonnes/hectare;1,549;1,549;1,549;1,058;1,130;1,374;1,397;1,292;1,374;1,115;1,163;1,326;1,439;1,388;1,469;1,557;1,520;1,671;1,624;1,827;1,839;2,029;2,110;2,444;2,612;2,870;2,801;2,866;2,986;3,281;3,117;3,208;3,260;3,324;3,380;3,430;3,485;3,540;3,595;3,651;3,707;;;
India;Wheat;Tonnes/hectare;2,121;2,281;2,394;2,327;2,380;2,559;2,483;2,679;2,485;2,590;2,779;2,708;2,762;2,610;2,713;2,602;2,619;2,708;2,802;2,907;2,840;2,989;3,178;3,154;3,146;2,750;3,053;3,200;3,377;3,461;3,362;3,396;3,430;3,464;3,499;3,534;3,569;3,605;3,641;3,677;3,714;;;
Indonesia;Wheat;Tonnes/hectare;1,000;1,000;1,000;1,000;1,000;1,000;1,000;1,000;1,000;1,000;1,000;1,000;1,000;1,000;1,000;1,000;1,000;1,000;1,000;1,000;1,000;1,000;1,000;1,000;1,000;1,000;1,000;1,000;1,000;1,000;1,000;1,030;1,043;1,058;1,074;1,091;1,108;1,126;1,143;1,161;1,179;;;
Iran;Wheat;Tonnes/hectare;1,276;1,341;1,469;1,493;1,603;1,710;1,583;1,595;1,935;1,830;1,586;1,703;1,995;2,068;2,155;2,308;2,365;2,482;1,334;1,819;1,834;1,361;1,348;1,454;1,745;2,016;2,461;2,090;2,164;2,370;2,288;2,299;2,311;2,325;2,336;2,346;2,357;2,369;2,382;2,394;2,406;;;
Israel;Wheat;Tonnes/hectare;3,198;2,143;2,886;2,713;1,321;3,025;2,284;1,398;1,802;0,453;1,500;2,000;2,387;2,671;1,829;2,680;1,545;1,849;1,150;2,065;1,747;2,343;3,260;2,781;2,273;3,406;3,844;1,250;1,750;1,829;2,125;1,948;1,971;2,001;2,032;2,063;2,097;2,131;2,165;2,199;2,233;;;
Japan;Wheat;Tonnes/hectare;3,656;3,180;3,539;3,475;3,720;2,935;3,016;3,638;3,514;3,454;3,760;3,555;4,007;4,034;4,038;4,089;3,839;4,333;4,215;3,237;2,760;3,529;4,101;3,863;4,008;4,711;3,689;4,272;3,609;4,901;4,878;4,076;4,089;4,101;4,113;4,125;4,138;4,150;4,163;4,175;4,188;;;
Kazakhstan;Wheat;Tonnes/hectare;1,029;0,958;1,318;0,908;0,717;0,598;0,684;0,845;0,604;1,287;0,905;1,167;1,094;1,016;0,831;0,885;1,083;1,277;0,930;1,156;0,676;1,641;0,729;1,064;1,090;1,188;1,211;1,243;1,228;1,006;1,182;1,174;1,186;1,200;1,218;1,234;1,252;1,270;1,288;1,306;1,325;;;
Korea;Wheat;Tonnes/hectare;3,024;3,096;3,366;2,711;3,705;4,439;3,919;4,044;3,485;3,670;2,545;3,105;3,227;3,051;3,329;3,206;3,343;3,813;4,064;3,707;3,117;3,348;3,910;2,585;3,260;2,623;3,707;4,032;3,185;3,195;3,203;3,211;3,218;3,226;3,233;3,241;3,248;3,255;3,262;3,269;3,277;;;
Malaysia;Wheat;Tonnes/hectare;1,000;1,000;1,000;1,000;1,000;1,000;1,000;1,000;1,000;1,000;1,000;1,000;1,000;1,000;1,000;1,000;1,000;1,000;1,000;1,000;1,000;1,000;1,000;1,000;1,000;1,000;1,000;1,000;1,000;1,000;1,000;1,029;1,041;1,056;1,071;1,087;1,104;1,121;1,138;1,156;1,173;;;
Mexico;Wheat;Tonnes/hectare;4,213;4,127;3,953;4,082;4,303;3,732;4,171;4,735;4,208;4,631;4,936;4,766;5,100;4,491;4,478;4,752;5,227;5,082;5,084;4,969;5,419;5,478;5,657;5,293;5,194;4,526;5,339;5,297;5,437;5,546;5,325;5,351;5,375;5,417;5,436;5,449;5,475;5,506;5,534;5,561;5,585;;;
New Zealand;Wheat;Tonnes/hectare;4,815;5,054;5,370;5,437;4,682;5,533;5,494;5,905;5,333;6,636;7,429;7,145;7,485;6,550;8,092;6,896;8,497;8,112;7,492;8,124;7,286;8,925;9,105;9,536;8,615;8,315;9,186;9,883;8,961;8,847;10,929;10,962;10,995;11,041;11,069;11,091;11,125;11,162;11,198;11,234;11,266;;;
Nigeria;Wheat;Tonnes/hectare;0,833;1,200;1,333;2,357;2,333;2,200;2,044;2,640;2,000;2,886;2,086;1,457;1,543;1,657;1,771;1,886;2,029;1,692;1,656;1,667;1,516;1,301;1,109;1,000;1,000;1,000;1,000;2,114;2,114;1,465;1,526;1,727;1,748;1,767;1,793;1,817;1,843;1,868;1,894;1,920;1,947;;;
Norway;Wheat;Tonnes/hectare;4,667;4,642;3,509;5,414;4,118;4,727;4,509;4,339;4,681;4,406;4,543;4,022;4,192;4,622;4,725;4,863;4,126;4,355;4,826;3,371;4,566;3,816;4,073;3,842;4,873;5,743;5,649;5,557;5,465;5,373;5,023;5,287;5,324;5,369;5,404;5,436;5,474;5,514;5,553;5,591;5,628;;;
OECD - Total;Wheat;Tonnes/hectare;3,216;3,204;3,132;3,169;3,112;3,182;3,313;3,291;3,511;3,492;3,285;3,156;3,014;3,121;3,504;3,420;3,172;3,065;3,563;3,480;3,574;3,616;3,535;3,841;3,790;3,890;3,979;3,968;3,741;4,014;3,875;3,882;3,917;3,945;3,970;3,993;4,022;4,051;4,086;4,119;4,151;;;
Pakistan;Wheat;Tonnes/hectare;1,825;1,841;1,991;1,947;1,894;2,081;2,019;2,053;2,238;2,170;2,491;2,325;2,262;2,388;2,373;2,586;2,519;2,716;2,451;2,657;2,553;2,833;2,714;2,796;2,824;2,726;2,779;2,973;2,851;2,787;2,869;2,939;2,963;3,009;3,055;3,100;3,151;3,199;3,248;3,297;3,346;;;
Paraguay;Wheat;Tonnes/hectare;1,660;1,792;2,214;2,149;1,215;2,457;1,786;1,139;0,957;1,469;1,384;1,835;1,727;2,466;2,462;1,699;2,500;2,100;2,100;2,499;2,507;2,600;2,600;1,500;1,898;2,200;2,000;1,680;2,800;2,710;2,660;2,666;2,673;2,682;2,689;2,693;2,699;2,707;2,714;2,721;2,728;;;
Peru;Wheat;Tonnes/hectare;1,073;0,853;1,343;1,482;1,245;1,263;1,248;1,117;1,159;1,288;1,279;1,247;3,202;4,000;1,383;1,348;1,336;1,259;1,349;1,430;1,418;1,472;1,488;1,496;1,553;1,568;1,345;1,506;1,542;1,593;1,436;1,568;1,588;1,612;1,637;1,661;1,688;1,715;1,742;1,769;1,796;;;
Philippines;Wheat;Tonnes/hectare;1,000;1,000;1,000;1,000;1,000;1,000;1,000;1,000;1,000;1,000;1,000;1,000;1,000;1,000;1,000;1,000;1,000;1,000;1,000;1,000;1,000;1,000;1,000;1,000;1,000;1,000;1,000;1,000;1,000;1,000;1,000;1,026;1,038;1,053;1,069;1,085;1,102;1,119;1,136;1,153;1,170;;;
Russia;Wheat;Tonnes/hectare;2,046;1,680;1,901;1,766;1,448;1,260;1,355;1,698;1,034;1,346;1,485;1,978;1,973;1,538;1,893;1,879;1,904;2,025;2,394;2,148;1,561;2,202;1,529;2,079;2,364;2,304;2,647;3,080;2,646;2,650;2,821;2,786;2,810;2,839;2,862;2,885;2,910;2,936;2,961;2,987;3,011;;;
Saudi Arabia;Wheat;Tonnes/hectare;4,643;4,503;4,463;4,490;4,546;4,466;4,380;4,454;4,504;4,254;4,265;4,910;4,882;4,882;5,308;5,415;5,620;5,684;6,092;5,878;6,146;6,141;5,925;6,434;5,880;5,000;5,000;5,000;6,534;1,818;5,051;4,042;4,090;4,148;4,212;4,273;4,341;4,408;4,475;4,543;4,610;;;
South Africa;Wheat;Tonnes/hectare;1,093;1,492;1,765;1,846;1,756;1,451;2,096;1,758;2,529;2,403;2,843;2,611;2,591;2,068;2,024;2,367;2,752;3,014;2,904;3,059;2,574;3,329;3,677;3,717;3,691;3,005;3,757;3,040;3,711;2,843;4,213;3,679;3,720;3,777;3,830;3,882;3,937;3,992;4,048;4,105;4,164;;;
Switzerland;Wheat;Tonnes/hectare;5,630;6,143;5,629;6,093;5,670;6,186;6,723;6,092;6,194;5,271;5,963;5,533;5,691;5,074;6,162;5,788;5,855;6,039;6,072;6,107;5,839;6,558;5,991;5,558;6,572;6,356;4,571;6,405;5,962;5,677;5,448;6,037;6,057;6,086;6,104;6,119;6,141;6,165;6,188;6,211;6,232;;;
Thailand;Wheat;Tonnes/hectare;1,000;1,000;1,000;1,000;1,000;1,000;0,646;0,702;0,689;0,750;0,800;0,800;0,800;0,800;0,800;0,800;1,000;1,000;1,000;1,000;1,000;1,000;1,000;2,000;1,000;1,000;1,000;1,300;1,300;1,000;1,000;1,122;1,136;1,153;1,170;1,188;1,207;1,226;1,245;1,264;1,283;;;
Türkiye;Wheat;Tonnes/hectare;2,123;2,127;2,039;2,163;1,787;1,917;1,980;1,997;2,234;2,081;2,235;2,033;2,097;2,088;2,258;2,324;2,357;2,128;2,198;2,543;2,428;2,693;2,669;2,837;2,399;2,873;2,685;2,774;2,576;2,458;2,646;2,663;2,697;2,729;2,765;2,801;2,842;2,883;2,924;2,966;3,008;;;
Ukraine;Wheat;Tonnes/hectare;3,093;3,988;3,092;3,782;3,038;3,103;2,546;2,919;3,014;2,529;2,136;3,100;2,927;1,367;3,110;2,846;2,531;2,342;3,670;3,093;2,682;3,353;2,800;3,393;3,889;3,879;4,205;4,116;3,726;4,158;3,820;4,309;4,379;4,459;4,533;4,607;4,687;4,769;4,851;4,934;5,018;;;
United Kingdom;Wheat;Tonnes/hectare;6,971;7,252;6,820;7,328;7,353;7,700;8,146;7,378;7,554;8,050;8,008;7,083;8,003;7,778;7,775;7,961;8,037;7,225;8,280;7,930;7,673;7,747;6,657;7,381;8,579;8,970;7,890;8,280;7,760;8,960;7,161;8,229;8,261;8,301;8,327;8,351;8,381;8,416;8,449;8,482;8,512;;;
United States;Wheat;Tonnes/hectare;2,657;2,304;2,642;2,570;2,526;2,410;2,439;2,657;2,904;2,869;2,822;2,700;2,377;2,970;2,903;2,826;2,604;2,726;3,017;2,989;3,118;2,942;3,104;3,170;2,937;2,932;3,545;3,112;3,201;3,474;3,346;3,306;3,334;3,361;3,387;3,413;3,440;3,475;3,521;3,566;3,609;;;
Viet Nam;Wheat;Tonnes/hectare;1,000;1,000;1,000;1,000;1,000;1,000;1,000;1,000;1,000;1,000;1,000;1,000;1,000;1,000;1,000;1,000;1,000;1,000;1,000;1,000;1,000;1,000;1,000;1,000;1,000;1,000;1,000;1,000;1,000;1,000;1,000;1,028;1,041;1,056;1,072;1,087;1,105;1,122;1,139;1,157;1,174;;;
World;Wheat;Tonnes/hectare;2,643;2,542;2,591;2,584;2,506;2,542;2,622;2,759;2,702;2,799;2,698;2,717;2,665;2,656;2,894;2,833;2,831;2,813;3,034;3,019;2,933;3,145;3,001;3,231;3,291;3,316;3,440;3,492;3,394;3,503;3,455;3,478;3,507;3,537;3,563;3,590;3,619;3,648;3,680;3,711;3,741;;;
Argentina;Maize;Tonnes/hectare;4,04;4,53;4,36;4,24;4,52;4,04;4,56;6,08;5,37;5,42;5,46;6,08;6,48;6,39;7,36;5,90;7,67;6,45;5,58;7,81;6,35;5,74;6,60;6,82;7,31;7,45;7,57;6,09;7,88;7,57;8,40;7,95;8,03;8,11;8,11;8,16;8,23;8,29;8,35;8,41;8,46;;;
Australia;Maize;Tonnes/hectare;3,99;5,19;4,43;4,66;4,83;5,53;5,96;4,74;5,24;4,93;4,65;5,50;6,25;5,63;5,80;5,39;4,89;5,69;5,82;5,56;5,74;6,47;6,49;7,46;8,31;7,51;6,43;7,34;5,55;6,96;3,98;5,49;5,54;5,59;5,61;5,65;5,70;5,74;5,79;5,83;5,87;;;
Brazil;Maize;Tonnes/hectare;1,79;2,19;2,35;2,34;2,62;2,36;2,59;2,65;2,59;2,48;3,26;2,86;3,58;3,30;2,87;3,28;3,65;3,97;3,60;4,31;4,16;4,81;5,15;5,06;5,40;4,18;5,56;4,86;5,72;5,53;5,69;5,61;5,72;5,84;5,92;6,02;6,13;6,24;6,34;6,45;6,55;;;
BRICS;Maize;Tonnes/hectare;3,10;3,08;3,29;3,48;3,32;3,54;3,74;3,39;3,84;3,71;4,60;3,66;3,92;3,84;3,96;4,15;4,21;4,37;4,52;4,42;4,61;4,92;5,13;5,26;5,16;5,04;5,45;5,37;5,55;5,65;5,67;5,68;5,78;5,87;5,92;5,98;6,04;6,10;6,16;6,22;6,29;;;
Canada;Maize;Tonnes/hectare;6,86;6,71;5,69;6,67;7,39;7,26;6,92;6,87;8,01;7,97;6,28;6,62;7,01;7,82;8,24;8,60;8,47;8,51;9,07;8,39;9,75;8,93;9,21;9,54;9,29;10,21;9,83;10,02;9,71;9,24;9,67;9,54;9,60;9,66;9,69;9,74;9,79;9,85;9,90;9,95;10,00;;;
Chile;Maize;Tonnes/hectare;8,36;8,51;8,48;8,92;9,06;9,41;8,23;9,43;8,55;9,45;9,37;10,62;10,82;11,10;11,25;11,14;8,90;10,13;10,49;11,08;12,00;10,72;10,63;10,10;12,29;11,54;11,23;12,48;12,10;9,19;9,50;9,64;9,78;9,93;10,04;10,18;10,33;10,48;10,62;10,77;10,92;;;
China (People's Republic of);Maize;Tonnes/hectare;4,52;4,58;4,53;4,96;4,69;4,92;5,20;4,39;5,27;4,95;6,58;4,70;4,92;4,81;5,12;5,29;5,33;5,26;5,56;5,26;5,45;5,75;5,87;6,02;5,81;5,89;5,97;6,11;6,10;6,32;6,32;6,32;6,43;6,52;6,55;6,59;6,63;6,67;6,71;6,75;6,79;;;
Colombia;Maize;Tonnes/hectare;1,45;1,55;1,52;1,55;1,57;1,55;1,63;1,71;1,66;1,77;2,10;2,08;2,05;2,58;2,95;2,90;2,97;3,09;3,08;2,91;2,62;3,75;3,53;3,28;3,76;3,19;3,64;3,50;3,76;3,97;3,87;3,88;3,91;3,93;3,94;3,96;3,98;4,00;4,02;4,04;4,06;;;
Egypt;Maize;Tonnes/hectare;5,78;5,89;6,14;6,08;5,91;6,16;6,95;7,13;7,23;7,52;7,86;7,84;7,68;7,83;7,90;8,12;8,37;8,04;7,91;7,82;7,27;7,74;7,78;7,72;7,76;7,35;7,61;7,79;7,80;6,85;7,21;7,25;7,29;7,33;7,35;7,39;7,43;7,47;7,51;7,54;7,58;;;
Ethiopia;Maize;Tonnes/hectare;1,74;1,74;1,74;0,95;1,06;1,84;1,46;1,74;1,62;1,72;1,62;1,74;1,88;1,53;1,61;2,01;2,64;1,97;2,14;2,20;2,81;3,09;3,00;3,23;3,63;3,95;3,93;4,21;4,76;4,83;4,61;4,67;4,72;4,79;4,84;4,89;4,95;5,01;5,07;5,13;5,20;;;
India;Maize;Tonnes/hectare;1,52;1,38;1,68;1,60;1,45;1,59;1,71;1,71;1,75;1,79;1,82;2,00;1,68;2,04;1,91;1,94;1,91;2,33;2,41;2,02;2,54;2,48;2,56;2,57;2,61;2,60;2,69;3,04;3,04;3,04;3,01;3,14;3,18;3,22;3,27;3,32;3,38;3,43;3,48;3,54;3,59;;;
Indonesia;Maize;Tonnes/hectare;2,15;2,20;2,20;2,21;2,26;2,49;2,61;2,65;2,66;2,77;2,85;3,09;3,24;3,34;3,45;3,47;3,66;4,08;4,24;4,44;4,57;4,90;4,84;4,95;5,18;5,37;4,88;5,43;5,51;5,50;5,55;5,71;5,79;5,87;5,96;6,05;6,15;6,25;6,34;6,44;6,54;;;
Iran;Maize;Tonnes/hectare;4,33;4,48;4,44;3,89;6,40;4,54;6,25;6,93;6,03;6,21;6,15;6,15;7,15;6,71;7,03;7,23;10,57;10,27;6,42;5,91;6,90;7,20;6,18;6,39;7,09;7,04;7,36;7,04;6,97;5,50;6,78;6,80;6,82;6,84;6,85;6,86;6,88;6,90;6,92;6,94;6,95;;;
Israel;Maize;Tonnes/hectare;13,71;15,00;13,17;11,83;11,00;10,67;1,00;1,00;1,00;1,00;1,33;1,17;1,00;1,00;10,00;6,50;19,50;18,60;19,80;25,16;29,05;33,68;25,45;22,54;34,10;20,70;22,92;30,00;31,33;29,33;27,00;30,11;30,60;30,97;31,40;31,90;32,44;32,97;33,49;34,01;34,53;;;
Japan;Maize;Tonnes/hectare;2,55;2,36;2,52;2,50;2,48;2,50;2,45;2,48;2,45;2,40;2,58;2,50;2,46;2,22;2,50;2,52;2,19;1,00;1,00;1,00;1,00;1,00;1,00;1,00;1,00;1,00;1,00;1,00;1,00;1,00;1,00;1,00;1,00;1,00;1,00;1,00;1,00;1,00;1,00;1,00;1,00;;;
Kazakhstan;Maize;Tonnes/hectare;3,12;2,73;2,92;3,03;2,09;1,58;1,67;1,82;2,69;3,00;3,29;3,77;4,10;4,46;4,49;4,24;4,14;4,58;4,42;4,76;4,81;4,97;5,20;5,27;5,27;5,32;5,65;5,73;5,75;5,71;5,88;6,02;6,07;6,13;6,20;6,27;6,37;6,46;6,55;6,64;6,73;;;
Korea;Maize;Tonnes/hectare;4,61;3,41;4,40;4,18;4,09;4,25;4,03;4,11;3,98;3,94;4,06;4,03;4,22;4,14;4,26;4,84;4,73;4,92;5,05;5,02;4,79;4,65;4,89;5,06;5,18;5,09;4,85;4,82;4,83;4,84;4,85;4,86;4,87;4,88;4,89;4,91;4,92;4,93;4,94;4,95;4,96;;;
Malaysia;Maize;Tonnes/hectare;1,75;1,75;1,71;1,90;2,00;1,87;1,80;1,85;1,85;2,11;2,32;2,39;2,92;3,00;3,00;3,00;1,28;4,86;5,22;5,07;5,54;6,13;7,60;7,86;6,10;6,23;6,07;6,50;7,19;7,08;7,08;7,36;7,47;7,55;7,65;7,77;7,90;8,02;8,14;8,27;8,39;;;
Mexico;Maize;Tonnes/hectare;1,99;2,05;2,35;2,44;2,23;2,29;2,24;2,38;2,34;2,47;2,46;2,58;2,71;2,75;2,82;2,93;3,00;3,21;3,32;3,24;3,26;2,91;3,19;3,19;3,30;3,48;3,72;3,79;3,81;4,07;3,80;3,81;3,81;3,82;3,82;3,82;3,83;3,84;3,84;3,85;3,85;;;
New Zealand;Maize;Tonnes/hectare;9,63;9,12;8,36;9,74;9,74;11,30;9,94;10,06;10,14;10,24;10,40;10,50;11,57;11,55;10,93;10,95;10,90;11,23;11,03;10,76;11,38;10,87;10,82;10,63;10,77;11,30;11,67;10,06;11,10;11,74;11,54;10,52;10,96;11,28;11,24;11,22;11,23;11,24;11,24;11,24;11,24;;;
Nigeria;Maize;Tonnes/hectare;1,13;1,13;1,12;1,19;1,27;1,27;1,33;1,25;1,32;1,38;1,03;1,14;1,09;1,21;1,30;1,37;1,65;1,56;1,74;1,71;1,78;2,06;2,02;2,41;2,53;2,21;2,22;2,57;2,96;2,92;2,87;2,95;2,98;3,02;3,05;3,08;3,12;3,15;3,19;3,22;3,25;;;
Norway;Maize;Tonnes/hectare;0,00;0,00;0,00;0,00;0,00;0,00;0,00;0,00;0,00;0,00;0,00;0,00;0,00;0,00;0,00;0,00;0,00;0,00;0,00;0,00;0,00;0,00;0,00;0,00;0,00;0,00;0,00;0,00;0,00;0,00;0,00;0,00;0,00;0,00;0,00;0,00;0,00;0,00;0,00;0,00;0,00;;;
OECD - Total;Maize;Tonnes/hectare;6,01;5,88;6,50;5,34;6,80;5,84;6,47;6,73;6,85;7,00;6,87;7,01;6,84;6,66;8,16;7,87;7,71;7,92;8,18;8,68;8,21;8,12;6,85;8,42;9,14;8,76;9,27;9,41;9,48;9,10;9,07;9,24;9,29;9,34;9,37;9,41;9,46;9,52;9,57;9,62;9,66;;;
Pakistan;Maize;Tonnes/hectare;1,40;1,42;1,36;1,38;1,48;1,61;1,61;1,63;1,73;1,72;1,74;1,77;1,86;2,00;2,85;2,98;3,04;3,43;3,42;3,49;3,81;3,99;3,98;4,23;4,32;4,42;4,60;4,72;4,79;4,96;5,00;5,08;5,15;5,24;5,33;5,42;5,51;5,60;5,70;5,79;5,88;;;
Paraguay;Maize;Tonnes/hectare;1,65;1,74;1,76;2,12;2,46;2,01;2,75;2,46;2,31;1,95;2,33;2,34;2,43;2,55;2,02;2,56;1,90;1,84;2,40;3,92;3,92;3,10;4,00;4,00;5,25;5,37;5,49;5,00;5,14;5,30;5,30;5,36;5,41;5,47;5,52;5,57;5,63;5,69;5,75;5,80;5,86;;;
Peru;Maize;Tonnes/hectare;1,92;1,88;2,16;2,09;1,96;2,02;1,98;2,10;2,31;2,41;2,59;3,60;3,66;3,48;3,47;3,79;3,94;4,14;4,18;4,26;4,29;4,55;4,47;3,14;3,39;3,25;3,32;3,44;3,56;3,44;3,60;3,65;3,72;3,76;3,81;3,88;3,94;4,00;4,07;4,13;4,19;;;
Philippines;Maize;Tonnes/hectare;1,27;1,30;1,33;1,52;1,53;1,52;1,59;1,59;1,62;1,74;1,80;1,82;1,80;1,92;2,14;2,15;2,37;2,54;2,60;2,62;2,55;2,74;2,86;2,88;2,98;2,94;2,91;3,10;3,10;3,19;3,22;3,27;3,31;3,35;3,40;3,45;3,50;3,56;3,61;3,67;3,72;;;
Russia;Maize;Tonnes/hectare;2,82;2,85;2,64;3,05;1,70;2,70;1,15;2,91;1,14;1,56;1,72;1,24;2,50;3,01;3,85;3,73;3,40;2,52;3,69;1,85;2,18;2,29;3,91;4,75;4,15;4,94;5,51;4,90;4,66;5,51;5,00;5,25;5,35;5,45;5,53;5,62;5,72;5,81;5,91;6,00;6,09;;;
Saudi Arabia;Maize;Tonnes/hectare;2,00;2,50;2,50;2,00;2,00;2,00;2,33;2,00;2,33;2,00;10,25;6,67;10,00;4,00;3,86;3,79;5,73;5,63;5,62;5,57;5,27;5,99;6,03;6,12;6,67;7,00;6,71;5,71;6,46;6,36;6,29;6,60;6,70;6,78;6,87;6,97;7,09;7,20;7,31;7,42;7,53;;;
South Africa;Maize;Tonnes/hectare;2,26;0,79;2,28;2,85;1,38;2,70;2,52;2,16;2,23;3,00;2,41;2,85;2,66;3,03;3,63;3,41;2,53;3,99;4,34;4,11;3,82;4,06;3,87;4,77;3,49;3,71;5,86;5,70;5,13;5,49;5,53;5,61;5,68;5,73;5,80;5,88;5,97;6,06;6,15;6,24;6,33;;;
Switzerland;Maize;Tonnes/hectare;8,63;8,41;8,77;9,19;8,86;8,65;8,86;9,58;9,11;8,88;9,65;8,94;9,22;4,30;9,61;9,65;7,60;10,17;9,70;10,41;8,49;11,45;10,83;9,07;10,76;7,38;9,68;10,69;8,59;8,31;9,20;9,22;9,25;9,28;9,31;9,34;9,36;9,39;9,42;9,45;9,48;;;
Thailand;Maize;Tonnes/hectare;2,41;2,71;2,97;2,65;2,88;3,28;3,45;3,20;3,35;3,56;3,67;3,73;3,73;3,85;3,87;3,83;3,96;3,93;4,07;4,18;4,06;4,20;4,18;4,05;4,18;4,15;4,23;4,60;4,65;4,04;4,55;4,55;4,64;4,70;4,76;4,84;4,92;5,00;5,07;5,15;5,23;;;
Türkiye;Maize;Tonnes/hectare;4,08;4,25;4,25;4,55;3,81;3,69;3,64;3,82;4,18;4,43;4,14;4,00;4,20;5,00;5,50;7,00;7,11;6,82;7,18;7,18;7,26;7,13;7,38;8,94;9,03;9,30;9,41;8,91;8,42;8,91;8,99;9,18;9,33;9,41;9,52;9,65;9,80;9,94;10,08;10,23;10,38;;;
Ukraine;Maize;Tonnes/hectare;2,51;3,26;2,51;2,82;2,30;3,10;2,79;3,28;2,53;2,53;2,97;3,21;3,52;3,41;5,28;4,32;3,74;3,80;4,67;4,79;4,41;6,62;5,05;6,41;6,16;5,71;6,60;5,57;7,84;7,20;5,55;7,02;7,11;7,18;7,27;7,37;7,48;7,59;7,69;7,80;7,91;;;
United Kingdom;Maize;Tonnes/hectare;0,00;0,00;0,00;0,00;0,00;0,00;0,00;0,00;0,00;0,00;0,00;0,00;0,00;0,00;0,00;0,00;0,00;0,00;0,00;0,00;0,00;0,00;0,00;0,00;0,00;0,00;0,00;0,00;0,00;0,00;0,00;0,00;0,00;0,00;0,00;0,00;0,00;0,00;0,00;0,00;0,00;;;
United States;Maize;Tonnes/hectare;7,43;6,82;8,25;6,32;8,70;7,12;7,98;7,95;8,44;8,40;8,59;8,67;8,16;8,07;10,07;9,29;9,37;9,49;9,66;10,34;9,60;9,24;7,72;9,92;10,74;10,58;10,97;11,09;11,07;10,52;10,79;10,99;11,06;11,14;11,18;11,24;11,31;11,38;11,44;11,50;11,56;;;
Viet Nam;Maize;Tonnes/hectare;1,55;1,50;1,56;1,77;2,14;2,11;2,50;2,49;2,48;2,55;2,75;2,97;3,08;3,45;3,46;3,60;3,73;3,94;3,17;4,01;4,09;4,31;4,30;4,43;4,41;4,54;4,55;4,65;4,72;4,80;4,70;4,77;4,81;4,85;4,88;4,91;4,95;4,99;5,03;5,07;5,11;;;
World;Maize;Tonnes/hectare;3,66;3,61;4,00;3,58;4,11;3,81;4,17;4,18;4,37;4,36;4,64;4,39;4,38;4,33;4,95;4,85;4,81;4,94;5,05;5,20;5,12;5,29;4,97;5,55;5,76;5,57;5,93;5,84;6,12;6,01;6,00;6,10;6,17;6,24;6,28;6,33;6,38;6,44;6,50;6,55;6,61;;;
Argentina;Rice;Tonnes/hectare;2,488;2,752;3,535;2,953;2,930;3,422;3,474;3,642;3,248;3,899;3,251;3,876;3,910;3,671;4,260;4,089;4,802;4,462;4,663;4,619;3,920;4,618;4,530;4,569;4,418;4,561;4,583;4,433;4,698;4,415;4,387;4,731;4,784;4,847;4,905;4,967;5,022;5,081;5,139;5,200;5,260;;;
Australia;Rice;Tonnes/hectare;8,315;8,395;8,094;8,336;8,538;7,051;8,257;9,007;9,203;8,275;9,283;8,278;9,319;8,379;6,647;9,833;8,150;8,501;8,461;10,390;9,544;8,910;10,275;10,939;9,910;10,306;9,821;10,386;8,771;9,574;8,305;8,388;8,471;8,557;8,642;8,729;8,816;8,905;8,994;9,084;9,175;;;
Brazil;Rice;Tonnes/hectare;1,277;1,583;1,467;1,513;1,606;1,764;1,741;1,826;1,745;2,048;2,112;2,173;2,244;2,213;2,412;2,319;2,641;2,593;2,856;2,946;2,868;3,282;3,250;3,350;3,474;3,688;3,591;4,232;4,160;4,200;4,565;4,614;4,663;4,717;4,764;4,813;4,860;4,910;4,959;5,009;5,058;;;
BRICS;Rice;Tonnes/hectare;2,591;2,579;2,617;2,688;2,723;2,715;2,821;2,875;2,875;2,908;2,828;2,886;2,736;2,844;2,904;2,943;2,983;3,062;3,081;3,114;3,162;3,290;3,370;3,318;3,336;3,377;3,412;3,492;3,543;3,584;3,612;3,674;3,710;3,743;3,774;3,808;3,841;3,874;3,908;3,942;3,976;;;
Canada;Rice;Tonnes/hectare;0,000;0,000;0,000;0,000;0,000;0,000;0,000;0,000;0,000;0,000;0,000;0,000;0,000;0,000;0,000;0,000;0,000;0,000;0,000;0,000;0,000;0,000;0,000;0,000;0,000;0,000;0,000;0,000;0,000;0,000;0,000;0,000;0,000;0,000;0,000;0,000;0,000;0,000;0,000;0,000;0,000;;;
Chile;Rice;Tonnes/hectare;2,773;2,625;2,825;3,040;2,944;2,890;3,218;2,813;2,629;2,793;3,524;3,372;3,411;3,360;3,225;3,144;3,853;3,405;3,891;3,615;2,601;3,496;4,201;4,176;4,053;4,642;4,413;4,110;4,391;4,485;4,454;4,633;4,661;4,738;4,794;4,859;4,926;4,995;5,064;5,135;5,207;;;
China (People's Republic of);Rice;Tonnes/hectare;3,852;3,790;3,917;3,981;4,067;4,127;4,255;4,329;4,361;4,346;4,296;4,222;4,239;4,152;4,323;4,288;4,302;4,407;4,495;4,511;4,489;4,581;4,642;4,601;4,667;4,721;4,703;4,738;4,813;4,836;4,931;4,956;4,980;5,006;5,030;5,056;5,081;5,106;5,132;5,158;5,183;;;
Colombia;Rice;Tonnes/hectare;2,755;2,430;2,338;2,503;2,727;2,872;3,280;3,158;3,889;3,264;3,113;2,986;3,686;3,161;3,189;3,112;3,282;3,319;3,370;3,036;2,900;2,660;2,747;2,614;2,732;2,808;2,946;2,775;2,987;3,020;3,079;3,095;3,110;3,127;3,142;3,157;3,173;3,188;3,204;3,219;3,235;;;
Egypt;Rice;Tonnes/hectare;5,024;5,150;4,886;4,939;5,460;5,620;5,720;5,808;5,963;6,128;6,282;6,403;6,367;6,723;6,785;6,891;6,948;6,740;6,715;6,619;6,501;6,603;6,576;6,618;6,575;6,509;6,448;6,232;6,555;6,280;6,447;6,524;6,602;6,685;6,764;6,845;6,927;7,011;7,095;7,181;7,267;;;
Ethiopia;Rice;Tonnes/hectare;1,852;1,852;1,852;1,000;1,000;1,000;1,000;1,000;1,000;1,182;1,182;1,192;1,213;1,207;1,200;1,200;1,174;1,899;1,322;1,405;1,965;1,882;1,882;1,777;1,831;1,811;1,826;1,848;1,773;1,926;1,928;1,940;1,961;1,984;2,005;2,028;2,050;2,072;2,095;2,119;2,142;;;
India;Rice;Tonnes/hectare;1,740;1,751;1,744;1,888;1,911;1,797;1,882;1,900;1,921;1,986;1,901;2,079;1,743;2,078;1,984;2,105;2,131;2,202;2,178;2,125;2,239;2,393;2,462;2,416;2,391;2,400;2,494;2,576;2,638;2,705;2,697;2,776;2,818;2,851;2,887;2,928;2,969;3,010;3,052;3,094;3,136;;;
Indonesia;Rice;Tonnes/hectare;2,925;2,794;2,954;2,975;2,868;2,870;2,871;2,792;2,646;2,687;2,781;2,773;2,825;2,868;2,867;2,891;2,920;2,937;3,107;3,144;3,153;3,137;3,232;3,242;3,230;3,362;3,300;3,251;3,331;3,274;3,274;3,298;3,323;3,349;3,374;3,399;3,424;3,450;3,476;3,502;3,528;;;
Iran;Rice;Tonnes/hectare;2,495;2,551;2,495;2,444;2,528;2,560;2,819;2,630;2,839;2,768;2,381;2,494;3,047;3,073;2,682;2,811;2,672;2,790;2,534;2,573;2,850;2,304;2,671;2,797;2,808;2,857;3,161;3,458;3,216;3,169;3,144;3,288;3,322;3,382;3,427;3,477;3,527;3,579;3,631;3,683;3,737;;;
Israel;Rice;Tonnes/hectare;1,000;1,000;1,000;1,000;1,000;1,000;1,000;1,000;1,000;1,000;1,000;1,000;1,000;1,000;1,000;1,000;1,000;1,000;1,000;1,000;1,000;1,000;1,000;1,000;1,000;1,000;1,000;1,000;1,000;1,000;1,000;1,035;1,046;1,066;1,080;1,097;1,113;1,130;1,146;1,164;1,181;;;
Japan;Rice;Tonnes/hectare;4,586;4,247;4,549;3,318;4,907;4,598;4,740;4,651;4,507;4,649;4,858;4,810;4,771;4,240;4,650;4,819;4,592;4,719;4,913;4,728;4,760;4,924;4,981;4,940;4,963;5,071;5,238;5,148;5,059;5,026;5,032;5,161;5,156;5,151;5,146;5,141;5,135;5,130;5,125;5,120;5,115;;;
Kazakhstan;Rice;Tonnes/hectare;3,992;2,911;2,574;2,400;1,851;1,299;1,705;1,999;2,145;1,872;1,983;1,915;2,021;2,183;2,411;2,236;2,199;2,247;2,250;2,356;2,648;2,479;2,516;2,569;2,639;2,850;3,168;3,124;3,158;3,667;3,631;3,612;3,642;3,692;3,745;3,800;3,854;3,910;3,966;4,023;4,080;;;
Korea;Rice;Tonnes/hectare;4,505;4,456;4,608;4,182;4,589;4,447;5,072;5,178;4,813;4,936;4,934;5,092;4,678;4,381;4,994;4,867;4,899;4,639;5,176;5,318;4,815;4,947;4,718;5,080;5,200;5,413;5,389;5,264;5,244;5,300;5,474;5,474;5,475;5,475;5,475;5,475;5,474;5,474;5,474;5,884;5,945;;;
Malaysia;Rice;Tonnes/hectare;1,784;1,815;1,929;1,958;1,973;2,040;2,100;1,980;1,865;1,902;1,977;2,006;2,086;2,165;2,155;2,234;2,081;2,264;2,310;2,401;2,343;2,415;2,447;2,497;2,701;2,593;2,564;2,418;2,430;2,258;2,244;2,394;2,412;2,431;2,449;2,468;2,486;2,505;2,524;2,543;2,562;;;
Mexico;Rice;Tonnes/hectare;2,667;2,714;2,857;3,216;2,809;3,088;2,997;2,730;2,977;2,909;2,967;4,258;4,503;4,551;4,465;5,065;4,786;4,154;4,462;4,850;5,190;5,096;5,623;5,425;5,712;5,808;6,135;6,390;6,285;6,546;6,682;6,762;6,842;6,924;7,004;7,085;7,165;7,245;7,326;7,406;7,486;;;
New Zealand;Rice;Tonnes/hectare;0,000;0,000;0,000;0,000;0,000;0,000;0,000;0,000;0,000;0,000;0,000;0,000;0,000;0,000;0,000;0,000;0,000;0,000;0,000;0,000;0,000;0,000;0,000;0,000;0,000;0,000;0,000;0,000;0,000;0,000;0,000;0,000;0,000;0,000;0,000;0,000;0,000;0,000;0,000;0,000;0,000;;;
Nigeria;Rice;Tonnes/hectare;1,242;1,172;1,176;1,176;0,850;1,054;1,050;0,957;0,961;0,897;0,900;0,780;0,804;0,846;0,852;0,858;0,890;0,780;1,053;1,158;1,103;1,220;1,138;1,191;1,297;1,245;1,202;1,249;1,240;1,227;1,169;1,250;1,262;1,279;1,294;1,310;1,325;1,342;1,358;1,376;1,393;;;
Norway;Rice;Tonnes/hectare;0,000;0,000;0,000;0,000;0,000;0,000;0,000;0,000;0,000;0,000;0,000;0,000;0,000;0,000;0,000;0,000;0,000;0,000;0,000;0,000;0,000;0,000;0,000;0,000;0,000;0,000;0,000;0,000;0,000;0,000;0,000;0,000;0,000;0,000;0,000;0,000;0,000;0,000;0,000;0,000;0,000;;;
OECD - Total;Rice;Tonnes/hectare;4,273;4,195;4,336;3,767;4,569;4,336;4,693;4,644;4,532;4,568;4,732;4,761;4,711;4,392;4,726;4,772;4,672;4,708;4,804;4,814;4,729;4,776;4,915;4,938;4,999;4,979;5,036;4,932;4,973;4,863;4,902;5,008;5,028;5,039;5,050;5,062;5,079;5,095;5,113;5,176;5,201;;;
Pakistan;Rice;Tonnes/hectare;1,544;1,547;1,579;1,827;1,622;1,834;1,912;1,870;1,928;2,050;2,021;1,836;2,013;1,970;1,994;2,116;2,107;2,210;2,348;2,387;2,039;2,396;2,398;2,438;2,422;2,483;2,514;2,568;2,563;2,443;2,419;2,585;2,606;2,628;2,648;2,670;2,691;2,713;2,735;2,757;2,779;;;
Paraguay;Rice;Tonnes/hectare;1,771;1,750;1,824;1,800;1,663;2,487;2,274;2,291;2,289;2,848;2,459;2,533;2,489;2,381;2,602;2,004;1,958;2,198;2,952;2,976;3,645;3,602;3,433;4,370;4,657;4,642;4,573;4,576;4,369;4,576;4,585;4,688;4,734;4,819;4,879;4,949;5,018;5,091;5,163;5,238;5,313;;;
Peru;Rice;Tonnes/hectare;3,577;3,555;3,446;3,752;4,046;3,769;3,838;4,097;3,857;4,204;4,483;4,596;4,541;4,620;4,379;4,696;4,676;4,849;5,003;5,027;4,954;4,963;5,254;5,245;5,165;5,364;5,150;4,892;5,525;5,230;5,424;5,478;5,532;5,590;5,645;5,703;5,759;5,817;5,875;5,935;5,994;;;
Philippines;Rice;Tonnes/hectare;1,883;1,816;1,922;1,831;1,851;1,868;1,873;1,867;1,852;1,957;2,031;2,089;2,159;2,262;2,325;2,374;2,418;2,504;2,466;2,303;2,416;2,428;2,525;2,564;2,629;2,527;2,569;2,622;2,569;2,670;2,704;2,736;2,771;2,820;2,857;2,897;2,938;2,981;3,023;3,067;3,111;;;
Russia;Rice;Tonnes/hectare;3,128;2,897;2,841;2,637;2,713;2,702;2,256;2,169;2,836;2,567;3,348;3,239;3,304;2,882;3,556;3,964;4,184;4,343;4,496;4,992;5,218;5,002;5,224;4,916;5,330;5,491;5,208;5,285;5,720;5,660;5,749;5,795;5,841;5,891;5,937;5,985;6,032;6,081;6,130;6,180;6,229;;;
Saudi Arabia;Rice;Tonnes/hectare;1,000;1,000;1,000;1,000;1,000;1,000;1,000;1,000;1,000;1,000;1,000;1,000;1,000;1,000;1,000;1,000;1,000;1,000;1,000;1,000;1,000;1,000;1,000;1,000;1,000;1,000;1,000;1,000;1,000;1,000;1,000;1,038;1,047;1,064;1,079;1,096;1,112;1,128;1,145;1,161;1,178;;;
South Africa;Rice;Tonnes/hectare;2,000;2,000;2,000;2,000;2,000;2,000;2,000;2,000;2,000;2,000;2,001;2,001;2,001;2,001;2,001;2,001;2,001;2,001;2,001;2,001;2,001;2,001;2,001;2,001;2,001;2,001;2,001;2,001;2,001;2,001;2,001;2,091;2,107;2,139;2,165;2,195;2,225;2,257;2,288;2,321;2,354;;;
Switzerland;Rice;Tonnes/hectare;;;;;;;;;;;;;;;;;;;;;2,810;2,810;2,810;2,810;2,810;3,102;2,962;2,994;2,997;2,997;2,997;2,997;2,997;2,997;2,997;2,997;2,997;2,997;2,997;2,997;2,997;;;
Thailand;Rice;Tonnes/hectare;1,295;1,492;1,439;1,440;1,557;1,599;1,595;1,575;1,601;1,605;1,730;1,833;1,920;1,942;1,913;1,984;1,953;2,015;1,984;1,925;1,967;2,110;2,104;2,083;1,963;1,886;1,969;2,032;2,011;1,895;1,936;1,955;1,975;1,996;2,015;2,036;2,056;2,077;2,097;2,119;2,140;;;
Türkiye;Rice;Tonnes/hectare;3,000;2,850;3,000;3,000;2,927;2,400;3,055;3,000;3,150;3,139;3,627;3,661;3,612;3,434;4,200;4,240;4,218;4,145;4,541;4,668;5,212;5,433;4,411;4,883;4,586;4,763;4,755;4,932;4,696;4,747;4,781;4,963;5,021;5,098;5,151;5,219;5,286;5,357;5,429;5,504;5,580;;;
Ukraine;Rice;Tonnes/hectare;3,772;2,958;2,558;1,973;2,395;2,426;2,411;1,927;2,310;1,937;2,393;2,425;2,647;2,501;2,518;2,868;3,087;3,414;3,392;3,890;3,404;3,829;4,131;3,999;3,329;3,563;3,543;3,356;3,664;3,467;3,725;3,744;3,784;3,843;3,888;3,939;3,989;4,042;4,095;4,150;4,205;;;
United Kingdom;Rice;Tonnes/hectare;0,000;0,000;0,000;0,000;0,000;0,000;0,000;0,000;0,000;0,000;0,000;0,000;0,000;0,000;0,000;0,000;0,000;0,000;0,000;0,000;0,000;0,000;0,000;0,000;0,000;0,000;0,000;0,000;0,000;0,000;0,000;0,000;0,000;0,000;0,000;0,000;0,000;0,000;0,000;0,000;0,000;;;
United States;Rice;Tonnes/hectare;4,314;4,469;4,473;4,301;4,651;4,384;4,774;4,601;4,417;4,576;4,898;5,068;5,133;5,204;5,454;5,185;5,345;5,628;5,333;5,534;5,239;5,505;5,807;6,001;5,916;5,816;5,639;5,866;6,000;5,663;5,477;5,823;5,867;5,899;5,927;5,955;6,006;6,052;6,101;6,108;6,155;;;
Viet Nam;Rice;Tonnes/hectare;2,122;2,077;2,224;2,322;2,378;2,461;2,514;2,586;2,640;2,736;2,758;2,785;2,984;3,016;3,155;3,178;3,181;3,242;3,402;3,404;3,472;3,600;3,663;3,622;3,740;3,744;3,626;3,605;3,782;3,786;3,813;3,877;3,941;4,009;4,076;4,144;4,214;4,285;4,356;4,430;4,504;;;
World;Rice;Tonnes/hectare;2,382;2,363;2,408;2,438;2,471;2,468;2,549;2,565;2,562;2,614;2,600;2,636;2,582;2,637;2,686;2,732;2,749;2,805;2,861;2,876;2,888;2,975;3,018;3,006;3,021;3,033;3,043;3,079;3,104;3,123;3,143;3,189;3,221;3,251;3,282;3,314;3,346;3,378;3,410;3,444;3,477;;;
Argentina;Soybean;Tonnes/hectare;2,421;2,291;2,159;2,038;2,044;2,105;1,720;2,694;2,445;2,339;2,585;2,630;2,803;2,208;2,729;2,679;2,971;2,821;2,385;2,905;2,607;2,616;2,809;2,755;3,165;3,031;3,116;2,318;3,220;2,899;2,840;3,031;3,057;3,083;3,106;3,130;3,154;3,180;3,206;3,233;3,257;;;
Australia;Soybean;Tonnes/hectare;1,555;2,114;1,617;2,000;1,532;1,874;1,916;1,702;1,947;1,863;1,463;1,949;1,476;2,214;1,681;2,099;2,007;2,337;1,893;1,905;1,714;1,574;1,458;1,269;1,855;1,901;1,862;1,598;1,632;1,682;1,296;1,243;1,191;1,201;1,211;1,221;1,231;1,241;1,251;1,261;1,271;;;
Brazil;Soybean;Tonnes/hectare;2,019;2,441;2,356;2,250;1,986;2,249;2,298;2,384;2,367;2,395;2,751;2,567;2,816;2,329;2,245;2,419;2,823;2,816;2,629;2,927;3,115;2,651;2,938;2,854;2,998;2,878;3,392;3,507;3,365;3,419;3,476;3,482;3,507;3,534;3,556;3,580;3,604;3,631;3,656;3,683;3,708;;;
BRICS;Soybean;Tonnes/hectare;1,957;1,695;1,564;1,808;1,721;1,750;1,826;1,804;1,863;1,839;2,002;1,955;2,228;1,862;1,870;1,936;2,115;2,115;2,017;2,184;2,392;2,136;2,338;2,212;2,335;2,220;2,628;2,712;2,634;2,593;2,669;2,677;2,702;2,726;2,746;2,766;2,786;2,809;2,831;2,854;2,874;;;
Canada;Soybean;Tonnes/hectare;2,610;2,442;2,337;2,601;2,745;2,788;2,516;2,584;2,792;2,770;2,548;1,530;2,281;2,168;2,594;2,708;2,885;2,301;2,791;2,537;2,952;2,874;3,001;2,872;2,679;2,892;2,956;2,629;2,920;2,707;3,115;3,165;3,216;3,268;3,316;3,365;3,414;3,466;3,516;3,567;3,616;;;
Chile;Soybean;Tonnes/hectare;1,000;1,000;1,000;1,000;1,000;1,000;1,000;1,000;1,000;1,000;1,000;1,000;1,000;1,000;1,000;1,000;1,000;1,000;1,000;1,000;1,000;1,000;1,000;1,000;1,000;1,000;1,000;1,000;1,000;1,000;1,000;1,042;1,057;1,071;1,085;1,100;1,115;1,132;1,148;1,165;1,181;;;
China (People's Republic of);Soybean;Tonnes/hectare;1,000;1,345;1,090;1,660;1,969;1,661;1,770;1,733;1,903;1,790;1,656;1,625;1,893;1,653;1,815;1,705;1,716;1,446;1,685;1,630;1,771;1,836;1,814;1,760;1,787;1,811;1,789;1,853;1,898;1,935;1,983;2,001;2,019;2,039;2,056;2,071;2,086;2,102;2,118;2,134;2,150;;;
Colombia;Soybean;Tonnes/hectare;1,000;1,945;2,136;1,932;2,108;2,140;2,078;2,120;3,718;2,123;1,606;2,334;2,310;2,695;2,738;2,738;2,781;2,781;2,781;2,781;2,781;3,423;2,995;2,995;3,023;2,995;2,995;2,995;2,995;3,000;3,000;3,035;3,071;3,108;3,141;3,175;3,209;3,245;3,280;3,317;3,351;;;
Egypt;Soybean;Tonnes/hectare;1,000;2,698;2,753;2,883;2,434;2,610;2,641;1,372;4,187;7,758;5,628;3,000;3,000;2,231;3,308;2,000;1,771;2,000;2,232;2,000;3,308;2,308;2,889;2,750;2,857;2,500;2,500;2,500;2,500;2,500;2,500;2,515;2,531;2,548;2,561;2,575;2,589;2,605;2,620;2,636;2,651;;;
Ethiopia;Soybean;Tonnes/hectare;1,000;2,985;3,088;3,235;3,088;3,188;3,286;3,286;3,429;3,571;3,571;3,571;3,571;3,571;3,571;3,571;3,571;3,571;3,571;1,167;1,455;1,895;2,000;1,968;1,895;1,889;2,050;2,738;2,857;2,857;2,857;2,948;3,010;3,067;3,115;3,159;3,205;3,253;3,301;3,352;3,401;;;
India;Soybean;Tonnes/hectare;1,000;0,658;0,776;1,099;0,804;0,992;0,995;0,793;0,852;0,804;0,862;0,892;0,827;0,909;0,892;0,993;0,997;1,235;1,042;1,024;1,327;1,208;1,353;1,012;0,951;0,739;1,177;1,047;1,192;0,933;1,033;1,045;1,057;1,069;1,080;1,092;1,104;1,116;1,127;1,139;1,151;;;
Indonesia;Soybean;Tonnes/hectare;1,000;0,934;1,272;1,214;1,059;1,137;1,186;1,239;1,201;1,676;1,236;1,144;1,233;1,275;1,286;1,301;1,287;1,283;1,313;1,336;1,379;1,270;1,479;1,418;1,563;1,492;1,521;1,500;1,316;1,488;1,476;1,476;1,499;1,523;1,544;1,567;1,590;1,615;1,639;1,664;1,689;;;
Iran;Soybean;Tonnes/hectare;1,000;1,095;1,667;1,797;2,260;1,362;1,269;1,691;2,760;0,894;1,614;1,477;1,266;1,444;1,455;1,539;1,500;1,429;1,852;2,375;2,063;2,125;2,175;2,175;2,250;2,375;2,463;2,500;2,625;2,625;2,750;2,765;2,806;2,848;2,888;2,929;2,972;3,017;3,061;3,107;3,152;;;
Israel;Soybean;Tonnes/hectare;1,000;1,000;1,000;1,000;1,000;1,000;1,000;1,000;1,000;1,000;1,000;1,000;1,000;1,000;1,000;1,000;1,000;1,000;1,000;1,000;1,000;1,000;1,000;1,000;1,000;1,000;1,000;1,000;1,000;1,000;1,000;1,034;1,051;1,067;1,083;1,099;1,115;1,133;1,150;1,168;1,186;;;
Japan;Soybean;Tonnes/hectare;1,508;1,399;1,711;1,156;1,626;1,735;1,809;1,743;1,448;1,730;1,918;1,886;1,803;1,529;1,193;1,679;1,613;1,639;1,779;1,581;1,616;1,601;1,799;1,552;1,761;1,712;1,587;1,684;1,439;1,519;1,708;1,690;1,694;1,699;1,703;1,707;1,711;1,716;1,720;1,724;1,728;;;
Kazakhstan;Soybean;Tonnes/hectare;1,000;0,824;1,192;1,127;0,967;0,885;0,844;1,104;1,333;1,333;1,000;1,000;1,000;1,250;1,250;1,250;1,200;1,346;1,745;1,774;1,839;2,013;2,000;1,971;1,832;2,000;1,791;1,889;1,821;2,014;2,036;2,036;2,058;2,090;2,118;2,146;2,176;2,207;2,238;2,270;2,302;;;
Korea;Soybean;Tonnes/hectare;1,529;1,538;1,681;1,457;1,268;1,520;1,634;1,567;1,438;1,334;1,314;1,501;1,424;1,306;1,625;1,739;1,733;1,498;1,763;1,982;1,475;1,662;1,516;1,925;1,866;1,827;1,539;1,880;1,766;1,775;1,773;1,764;1,778;1,791;1,804;1,818;1,831;1,845;1,859;1,873;1,887;;;
Malaysia;Soybean;Tonnes/hectare;1,000;0,333;0,333;0,333;0,333;0,333;0,333;0,333;0,333;0,333;0,333;0,333;0,333;0,333;0,333;0,333;0,333;0,333;0,333;0,333;0,333;0,333;0,333;0,333;0,333;0,333;0,333;0,333;0,333;0,333;0,333;0,345;0,351;0,356;0,361;0,366;0,371;0,377;0,382;0,388;0,394;;;
Mexico;Soybean;Tonnes/hectare;2,011;2,122;1,839;2,093;1,811;1,412;1,143;1,506;1,598;1,637;1,463;1,650;1,532;1,856;1,501;1,947;1,496;1,412;2,020;1,868;1,093;1,320;1,739;1,520;1,884;1,365;1,833;1,649;1,700;2,408;1,750;1,850;1,860;1,870;1,880;1,890;1,900;1,910;1,920;1,930;1,940;;;
New Zealand;Soybean;Tonnes/hectare;0,000;0,000;0,000;0,000;0,000;0,000;0,000;0,000;0,000;0,000;0,000;0,000;0,000;0,000;0,000;0,000;0,000;0,000;0,000;0,000;0,000;0,000;0,000;0,000;0,000;0,000;0,000;0,000;0,000;0,000;0,000;0,000;0,000;0,000;0,000;0,000;0,000;0,000;0,000;0,000;0,000;;;
Nigeria;Soybean;Tonnes/hectare;1,000;0,283;0,284;0,275;0,287;0,311;0,641;0,656;0,719;0,730;0,840;0,859;0,890;0,900;0,940;0,960;0,949;0,923;1,108;0,954;0,954;1,046;0,973;0,762;0,944;0,903;1,013;0,929;0,893;0,933;0,933;0,940;0,947;0,954;0,960;0,967;0,973;0,980;0,987;0,994;1,000;;;
Norway;Soybean;Tonnes/hectare;0,000;0,000;0,000;0,000;0,000;0,000;0,000;0,000;0,000;0,000;0,000;0,000;0,000;0,000;0,000;0,000;0,000;0,000;0,000;0,000;0,000;0,000;0,000;0,000;0,000;0,000;0,000;0,000;0,000;0,000;0,000;0,000;0,000;0,000;0,000;0,000;0,000;0,000;0,000;0,000;0,000;;;
OECD - Total;Soybean;Tonnes/hectare;2,303;2,312;2,508;2,204;2,756;2,386;2,523;2,612;2,615;2,471;2,548;2,620;2,546;2,262;2,813;2,839;2,862;2,762;2,666;2,924;2,905;2,806;2,687;2,936;3,151;3,177;3,427;3,233;3,339;3,140;3,338;3,372;3,399;3,428;3,451;3,476;3,502;3,531;3,558;3,587;3,614;;;
Pakistan;Soybean;Tonnes/hectare;1,000;0,605;0,564;0,797;1,202;1,264;1,294;1,308;1,111;1,125;1,125;1,125;1,125;1,125;1,125;1,125;1,125;1,125;1,125;1,125;1,125;1,125;0,500;0,500;1,429;2,000;1,000;1,000;1,000;1,000;1,000;1,034;1,051;1,068;1,083;1,099;1,115;1,132;1,149;1,167;1,184;;;
Paraguay;Soybean;Tonnes/hectare;1,000;2,581;2,825;2,587;3,008;2,875;2,949;2,630;2,619;2,525;2,601;2,276;2,861;2,203;2,056;1,990;2,818;2,727;1,616;2,649;2,917;1,365;2,597;2,416;2,630;2,806;2,956;2,884;2,440;2,931;2,762;2,776;2,791;2,807;2,819;2,831;2,844;2,859;2,873;2,888;2,901;;;
Peru;Soybean;Tonnes/hectare;1,000;1,328;1,632;1,242;1,442;1,567;1,447;1,498;1,542;1,395;1,676;1,579;1,364;1,364;1,364;1,364;1,364;1,364;1,364;2,273;2,273;2,273;2,273;2,273;2,273;2,273;2,273;2,273;2,273;2,273;2,273;2,354;2,395;2,433;2,467;2,504;2,541;2,580;2,619;2,660;2,700;;;
Philippines;Soybean;Tonnes/hectare;1,000;1,041;1,055;1,305;1,376;1,116;1,296;1,151;2,347;2,584;2,717;2,717;1,539;0,769;0,769;0,769;0,769;0,769;0,769;0,769;0,769;0,769;0,769;0,769;0,769;0,769;0,769;0,769;0,769;0,769;0,769;0,793;0,807;0,820;0,831;0,843;0,855;0,868;0,880;0,894;0,907;;;
Russia;Soybean;Tonnes/hectare;1,063;0,937;0,783;0,795;0,727;0,596;0,583;0,691;0,652;0,762;0,812;0,839;0,888;0,672;0,973;0,956;0,952;0,837;0,998;1,078;1,014;1,428;1,219;1,067;1,294;1,360;1,498;1,477;1,468;1,402;1,496;1,461;1,474;1,488;1,501;1,514;1,528;1,542;1,555;1,570;1,584;;;
Saudi Arabia;Soybean;Tonnes/hectare;1,000;1,000;1,000;1,000;1,000;1,000;1,000;1,000;1,000;1,000;1,000;1,000;1,000;1,000;1,000;1,000;1,000;1,000;1,000;1,000;1,000;1,000;1,000;1,000;1,000;1,000;1,000;1,000;1,000;1,000;1,000;1,038;1,053;1,069;1,084;1,100;1,116;1,133;1,149;1,167;1,184;;;
South Africa;Soybean;Tonnes/hectare;1,000;0,819;1,492;1,232;0,901;1,177;1,379;1,608;1,540;1,866;1,111;1,692;2,020;0,913;1,100;1,138;2,120;1,000;1,128;2,150;1,826;1,691;1,383;1,510;1,896;2,127;1,293;2,293;1,957;1,603;1,681;1,770;1,796;1,823;1,847;1,872;1,897;1,923;1,949;1,975;2,000;;;
Switzerland;Soybean;Tonnes/hectare;2,429;2,343;2,634;2,282;2,758;2,775;2,572;2,647;2,605;3,323;3,939;3,068;3,024;2,335;2,845;2,635;2,603;2,604;2,909;2,709;2,852;2,939;2,810;2,525;2,595;2,358;2,549;3,328;2,076;3,109;2,965;2,986;3,006;3,027;3,048;3,069;3,091;3,112;3,133;3,155;3,177;;;
Thailand;Soybean;Tonnes/hectare;1,000;1,369;1,399;1,371;1,326;1,650;1,405;1,541;1,430;1,414;1,344;1,231;1,026;1,115;1,303;1,257;1,211;1,051;1,700;1,600;1,520;1,655;1,829;1,767;1,733;1,657;1,833;1,583;1,720;1,720;1,720;1,778;1,806;1,834;1,861;1,888;1,916;1,946;1,975;2,005;2,035;;;
Türkiye;Soybean;Tonnes/hectare;1,000;2,391;3,551;2,172;2,258;2,419;2,439;1,739;2,375;4,133;2,647;2,348;3,167;2,833;1,667;0,967;1,567;1,033;1,133;1,267;2,900;3,486;3,486;4,500;4,257;4,571;4,100;3,475;3,500;3,500;3,500;3,550;3,601;3,654;3,701;3,750;3,799;3,850;3,901;3,952;4,001;;;
Ukraine;Soybean;Tonnes/hectare;1,000;1,389;1,714;1,386;1,348;0,957;0,938;0,581;1,161;1,071;1,049;1,028;1,276;1,172;1,078;1,453;1,189;1,086;1,523;1,674;1,620;2,036;1,707;1,992;2,238;1,840;2,301;1,973;2,580;2,293;2,152;2,300;2,340;2,380;2,418;2,456;2,494;2,534;2,573;2,612;2,651;;;
United Kingdom;Soybean;Tonnes/hectare;0,000;0,000;0,000;0,000;0,000;0,000;0,000;0,000;0,000;0,000;0,000;0,000;0,000;0,000;0,000;0,000;0,000;0,000;0,000;0,000;0,000;0,000;0,000;0,000;0,000;0,000;0,000;0,000;0,000;0,000;0,000;0,000;0,000;0,000;0,000;0,000;0,000;0,000;0,000;0,000;0,000;;;
United States;Soybean;Tonnes/hectare;2,292;2,303;2,529;2,195;2,782;2,376;2,527;2,617;2,617;2,464;2,562;2,664;2,559;2,276;2,839;2,861;2,882;2,809;2,671;2,957;2,923;2,820;2,688;2,960;3,197;3,232;3,494;3,315;3,399;3,189;3,379;3,413;3,440;3,468;3,491;3,516;3,542;3,570;3,596;3,625;3,651;;;
Viet Nam;Soybean;Tonnes/hectare;1,000;0,791;0,822;0,880;0,943;1,036;1,032;0,873;1,136;1,186;1,064;1,115;1,546;1,543;1,543;2,249;1,980;2,111;2,057;1,650;2,295;2,049;1,335;1,289;1,317;1,327;1,644;1,500;1,528;1,434;1,434;1,515;1,540;1,563;1,584;1,607;1,631;1,655;1,680;1,705;1,730;;;
World;Soybean;Tonnes/hectare;2,228;1,992;2,007;1,965;2,168;2,040;2,104;2,223;2,234;2,155;2,288;2,289;2,416;2,041;2,305;2,331;2,494;2,420;2,255;2,531;2,566;2,386;2,497;2,505;2,706;2,633;2,920;2,780;2,893;2,756;2,842;2,886;2,910;2,935;2,956;2,978;3,000;3,024;3,047;3,072;3,095;;;
Argentina;Wheat;Thousand tonnes;11 037.00;9 999.00;9 996.00;9 737.00;11 406.00;9 542.00;16 107.00;15 087.00;12 601.00;15 300.00;15 960.00;15 292.00;12 301.00;14 563.00;15 960.00;12 593.00;14 548.00;16 487.00;8 508.00;9 016.00;16 068.00;14 683.00;8 134.00;9 200.00;13 930.00;11 300.00;18 400.00;18 500.00;19 460.00;19 750.00;17 200.00;19 784.15;19 980.51;20 281.65;20 600.48;20 875.37;21 204.84;21 507.95;21 818.68;22 121.26;22 425.65;;;
Australia;Wheat;Thousand tonnes;15 066.10;10 557.40;14 738.70;16 479.30;8 961.30;16 503.90;22 924.30;19 226.60;21 464.80;24 757.40;22 108.10;24 299.30;10 131.90;26 131.90;21 905.10;25 150.40;10 821.60;13 569.40;21 420.20;21 834.01;27 410.10;29 905.01;22 855.00;25 302.71;23 742.56;22 274.51;31 818.74;20 941.13;17 597.56;15 165.00;31 164.50;23 501.40;23 756.03;24 271.20;24 746.25;25 089.67;25 471.44;25 903.02;26 350.80;26 791.53;27 184.89;;;
Brazil;Wheat;Thousand tonnes;3 077.80;2 739.20;2 051.80;2 137.80;1 524.30;3 197.50;2 406.90;2 187.70;2 402.80;1 658.40;3 194.20;2 913.90;6 073.50;5 845.90;4 873.10;2 233.70;4 097.10;5 884.00;5 026.20;5 881.60;5 788.60;4 379.50;5 527.90;5 971.10;5 534.90;5 534.90;6 726.80;4 263.50;5 427.60;5 154.70;6 354.80;5 791.98;5 907.49;6 045.95;6 167.57;6 275.53;6 388.51;6 513.35;6 644.09;6 777.03;6 902.92;;;
BRICS;Wheat;Thousand tonnes;202 461.86;194 865.42;206 819.47;211 268.35;194 629.51;203 266.97;212 619.13;241 490.83;207 360.50;219 548.35;216 087.25;215 971.19;222 193.61;193 710.69;216 088.76;217 838.38;228 949.48;242 492.92;262 481.19;266 025.29;245 723.77;268 184.87;262 593.70;277 209.78;291 678.05;287 964.39;307 543.48;324 645.04;310 744.75;318 338.39;333 342.69;329 818.71;331 301.67;335 213.19;337 351.59;340 763.32;343 194.99;346 526.02;349 127.62;352 302.45;354 893.27;;;
Canada;Wheat;Thousand tonnes;32 098.30;31 945.60;29 877.20;27 225.90;22 919.50;24 989.40;29 801.40;24 299.40;24 082.30;26 959.90;26 535.50;20 630.20;15 961.30;23 048.60;24 795.50;25 748.10;25 265.40;20 090.40;28 619.20;26 949.90;23 299.60;25 288.00;27 246.00;37 589.10;29 442.10;27 647.40;32 139.90;30 377.30;32 351.90;32 669.80;35 188.18;34 110.13;34 953.01;35 348.47;35 974.70;36 129.13;36 372.43;36 641.78;37 097.23;37 525.39;37 844.48;;;
Chile;Wheat;Thousand tonnes;1 718.00;1 589.00;1 557.00;1 324.00;1 271.00;1 384.00;1 227.00;1 677.00;1 197.00;1 493.00;1 780.00;1 820.00;1 797.00;1 922.00;1 922.00;1 852.00;1 404.00;1 238.00;1 145.00;1 524.00;1 576.00;1 213.00;1 474.66;1 358.13;1 482.00;1 731.90;1 349.00;1 469.00;1 399.92;1 230.90;1 300.00;1 315.23;1 295.80;1 303.09;1 303.92;1 296.87;1 300.71;1 309.50;1 316.83;1 324.17;1 329.09;;;
China (People's Republic of);Wheat;Thousand tonnes;98 228.90;95 950.00;101 587.00;106 390.00;99 297.00;102 207.00;110 569.00;123 289.00;109 726.00;113 880.00;99 636.00;93 876.00;90 290.00;86 488.00;91 952.00;97 445.00;108 466.00;109 525.00;112 932.00;115 834.00;116 141.00;118 625.00;122 540.00;123 710.00;128 821.00;132 639.00;133 271.00;134 334.00;131 443.00;133 596.00;134 250.00;130 570.64;130 776.33;131 153.53;131 437.02;131 816.71;132 188.65;132 533.89;132 878.26;133 200.75;133 533.69;;;
Colombia;Wheat;Thousand tonnes;105,00;94,00;75,00;96,00;105,00;74,00;65,00;50,00;39,00;40,00;37,00;32,00;36,45;41,39;43,00;50,00;39,69;48,02;57,08;34,15;22,66;21,10;21,90;17,25;16,61;8,93;23,10;7,03;4,40;4,00;5,00;4,62;4,87;4,99;5,14;5,20;5,35;5,53;5,68;5,84;5,98;;;
Egypt;Wheat;Thousand tonnes;4 268.00;4 483.00;4 618.00;4 833.00;4 437.00;5 722.00;5 735.00;5 849.00;6 093.00;6 347.00;6 564.00;6 255.00;6 625.00;6 845.00;7 178.00;8 141.00;8 274.00;7 379.00;7 977.00;8 523.00;7 177.00;8 407.00;8 795.00;9 460.00;9 280.00;9 608.00;9 342.00;8 421.00;8 348.63;9 000.00;9 000.00;8 889.04;9 034.01;9 236.43;9 424.32;9 572.54;9 752.36;9 930.87;10 110.53;10 294.00;10 470.31;;;
Ethiopia;Wheat;Thousand tonnes;0,00;0,00;0,00;874,83;1 084.00;1 162.00;1 144.00;1 093.00;1 143.00;1 150.00;1 235.00;1 596.00;1 448.00;1 618.00;1 614.00;2 177.00;2 219.00;2 463.00;2 314.00;3 076.00;2 856.00;2 916.00;3 435.00;3 925.00;4 232.00;4 650.00;4 538.00;4 643.00;4 838.00;5 315.00;5 050.00;5 162.91;5 214.95;5 309.01;5 352.45;5 380.20;5 439.14;5 501.02;5 556.64;5 611.68;5 654.11;;;
India;Wheat;Thousand tonnes;49 850.00;55 135.00;55 690.00;57 210.00;59 840.00;65 767.00;62 097.00;69 350.00;66 345.00;71 288.00;76 369.00;69 681.00;72 770.00;65 760.00;72 150.00;68 640.00;69 354.50;75 806.70;78 570.20;80 679.40;80 803.60;86 874.00;94 880.00;93 510.00;95 850.00;86 530.00;92 290.00;98 510.00;99 870.00;103 600.00;107 590.00;109 418.01;109 754.28;112 053.92;112 813.82;114 894.16;115 892.20;117 753.20;118 887.00;120 622.34;121 842.96;;;
Indonesia;Wheat;Thousand tonnes;0,00;0,00;0,00;0,00;0,00;0,00;0,00;0,00;0,00;0,00;0,00;0,00;0,00;0,00;0,00;0,00;0,00;0,00;0,00;0,00;0,00;0,00;0,00;0,00;0,00;0,00;0,00;0,00;0,00;0,00;0,00;0,00;0,00;0,00;0,00;0,00;0,00;0,00;0,00;0,00;0,00;;;
Iran;Wheat;Thousand tonnes;8 012.00;8 793.00;10 179.00;10 732.00;10 870.00;11 228.00;10 015.00;10 045.00;11 955.00;8 673.00;8 088.00;9 459.00;12 450.00;13 440.00;14 548.00;14 308.00;14 663.75;15 886.61;6 999.98;12 093.03;12 142.99;8 677.97;8 816.00;9 304.25;10 578.70;11 522.32;14 592.00;14 000.00;14 500.00;14 500.00;14 000.00;14 077.78;14 151.38;14 248.85;14 313.21;14 364.96;14 434.24;14 512.66;14 590.42;14 667.97;14 736.67;;;
Israel;Wheat;Thousand tonnes;291,00;180,00;254,00;217,00;103,00;242,00;185,00;116,00;155,00;29,00;96,00;162,00;179,00;187,00;128,00;201,00;131,20;159,00;76,00;133,00;112,00;142,00;222,00;178,00;140,00;173,00;168,00;50,00;70,00;75,00;85,00;78,13;79,25;80,19;81,51;82,61;83,81;85,12;86,44;87,78;89,11;;;
Japan;Wheat;Thousand tonnes;952,00;759,00;759,00;638,00;565,00;444,00;478,00;573,00;570,00;583,00;688,00;700,00;829,00;856,00;860,00;875,00;837,00;910,00;881,00;674,20;571,00;746,30;858,00;812,00;852,00;1 004.00;791,00;907,00;765,00;1 037.00;1 037.00;867,01;869,27;871,32;871,43;874,22;877,86;880,73;882,54;883,86;885,36;;;
Kazakhstan;Wheat;Thousand tonnes;0,00;12 889.00;18 285.00;11 585.00;9 052.00;7 500.00;7 678.00;8 955.00;5 500.00;11 242.00;9 091.00;12 700.00;12 674.00;11 537.00;9 937.00;11 198.30;13 460.48;16 466.87;12 538.19;17 052.02;9 638.40;22 732.07;9 841.13;13 940.81;12 996.86;13 747.59;14 985.38;14 802.86;13 946.89;11 451.60;14 255.90;14 295.07;14 491.80;14 727.79;15 027.69;15 284.63;15 584.17;15 877.13;16 165.75;16 455.42;16 735.11;;;
Korea;Wheat;Thousand tonnes;0,89;0,55;0,55;1,48;2,16;10,26;10,92;7,43;4,78;5,63;2,34;2,84;5,83;10,01;12,62;7,68;5,81;7,35;10,36;18,78;39,12;43,68;37,01;19,06;23,41;26,43;38,70;37,42;21,02;19,36;27,15;27,30;27,35;27,44;27,60;27,83;28,04;28,20;28,34;28,46;28,59;;;
Malaysia;Wheat;Thousand tonnes;0,00;0,00;0,00;0,00;0,00;0,00;0,00;0,00;0,00;0,00;0,00;0,00;0,00;0,00;0,00;0,00;0,00;0,00;0,00;0,00;0,00;0,00;0,00;0,00;0,00;0,00;0,00;0,00;0,00;0,00;0,00;0,00;0,00;0,00;0,00;0,00;0,00;0,00;0,00;0,00;0,00;;;
Mexico;Wheat;Thousand tonnes;3 931.00;4 060.74;3 620.50;3 582.45;4 150.92;3 468.22;3 375.01;3 656.59;3 235.08;3 020.90;3 493.21;3 275.46;3 236.18;2 715.77;2 321.22;3 015.18;3 378.12;3 515.39;4 213.55;4 116.16;3 676.71;3 627.51;3 274.34;3 357.31;3 669.81;3 710.71;3 862.91;3 503.52;2 943.45;3 252.23;2 957.48;3 054.64;3 057.85;3 093.84;3 132.23;3 144.10;3 153.74;3 166.57;3 186.93;3 214.25;3 232.20;;;
New Zealand;Wheat;Thousand tonnes;180,69;191,04;219,41;241,85;245,17;277,01;305,92;302,33;281,59;325,16;364,00;301,50;318,92;255,86;318,95;261,80;344,43;343,35;403,46;444,89;383,26;488,61;447,80;467,27;413,50;399,12;459,30;405,20;371,00;398,10;482,06;489,14;495,20;502,53;509,10;515,20;521,76;528,74;535,79;542,98;549,91;;;
Nigeria;Wheat;Thousand tonnes;50,00;60,00;40,00;33,00;35,00;44,00;47,00;66,00;98,00;101,00;73,00;51,00;54,00;58,00;62,00;66,00;71,00;44,00;53,00;80,00;108,00;165,00;100,00;80,00;70,00;60,00;60,00;74,00;74,00;63,00;58,00;64,85;65,73;66,22;67,64;67,95;68,78;69,46;70,05;70,60;70,94;;;
Norway;Wheat;Thousand tonnes;224,00;246,00;193,00;379,00;280,00;312,00;266,00;256,00;323,00;225,80;308,57;254,38;256,56;344,08;401,43;390,40;351,62;395,46;449,10;274,91;328,11;280,85;271,87;210,44;385,43;491,44;485,04;478,65;472,25;465,85;468,97;483,82;477,08;471,53;476,27;480,48;485,17;490,31;495,49;500,71;505,54;;;
OECD - Total;Wheat;Thousand tonnes;279 675.93;258 036.45;258 730.75;260 935.62;249 227.66;259 965.12;280 892.59;279 339.72;293 378.19;277 489.13;270 282.90;250 269.09;230 459.34;250 518.24;282 301.18;271 818.81;238 947.52;234 356.83;293 923.32;276 112.11;273 976.01;277 239.73;271 970.53;293 150.50;291 124.89;296 454.45;298 555.06;278 418.13;264 876.58;280 990.77;276 200.59;279 226.12;280 727.31;282 595.79;284 539.06;285 240.00;287 000.06;288 762.24;290 394.34;292 522.53;294 306.04;;;
Pakistan;Wheat;Thousand tonnes;14 315.00;14 565.00;15 684.00;16 157.00;15 213.00;17 002.00;16 907.00;16 650.00;18 694.00;17 857.60;21 078.60;19 023.70;18 226.50;19 183.30;19 499.80;21 612.30;21 276.80;23 294.70;20 958.80;24 033.00;23 310.80;25 213.80;23 473.40;24 211.36;25 979.34;25 086.17;25 633.00;26 674.00;25 076.00;24 358.00;25 250.00;26 019.74;26 071.79;26 564.38;27 014.98;27 469.30;28 009.61;28 524.81;29 025.67;29 520.40;29 995.75;;;
Paraguay;Wheat;Thousand tonnes;259,00;328,00;425,00;376,00;209,00;543,00;400,00;229,00;180,00;188,00;220,00;532,00;537,00;715,00;800,00;620,00;800,00;800,00;1 067.00;1 402.00;1 464.00;1 560.00;1 430.00;840,00;1 139.00;1 144.00;1 020.00;722,40;1 358.00;1 302.87;1 250.00;1 203.12;1 170.77;1 182.04;1 185.71;1 181.94;1 191.26;1 205.51;1 217.44;1 227.83;1 235.97;;;
Peru;Wheat;Thousand tonnes;88,00;87,00;94,00;126,00;127,00;125,00;146,00;124,00;146,00;170,00;188,00;182,00;187,00;190,00;170,00;179,00;191,00;182,00;207,00;226,00;219,00;214,00;226,00;230,02;218,90;214,80;191,00;192,10;194,54;186,70;178,00;195,19;199,33;206,23;212,39;217,01;222,52;228,68;234,98;241,59;248,05;;;
Philippines;Wheat;Thousand tonnes;0,00;0,00;0,00;0,00;0,00;0,00;0,00;0,00;0,00;0,00;0,00;0,00;0,00;0,00;0,00;0,00;0,00;0,00;0,00;0,00;0,00;0,00;0,00;0,00;0,00;0,00;0,00;0,00;0,00;0,00;0,00;0,00;0,00;0,00;0,00;0,00;0,00;0,00;0,00;0,00;0,00;;;
Russia;Wheat;Thousand tonnes;49 596.16;38 899.22;46 166.67;43 546.55;32 128.21;30 118.47;34 834.23;44 235.13;26 994.70;30 996.95;34 460.05;46 996.29;50 622.11;34 069.79;45 433.66;47 614.68;44 926.88;49 372.21;63 780.79;61 663.29;41 554.57;56 293.37;37 766.80;52 139.68;59 713.15;61 811.49;73 345.68;86 002.54;72 136.15;74 452.69;82 999.99;81 958.57;82 840.90;83 996.44;85 006.47;85 918.51;86 921.53;87 976.37;89 041.48;90 105.10;91 102.68;;;
Saudi Arabia;Wheat;Thousand tonnes;3 580.00;4 035.00;4 124.00;3 430.00;2 646.00;1 648.00;1 200.00;1 795.00;1 734.00;2 046.00;1 787.00;2 082.00;2 436.00;2 524.00;2 776.00;2 648.00;2 630.00;2 558.00;1 986.00;1 152.00;1 349.00;1 184.00;854,25;660,15;718,53;10,00;10,00;10,00;586,40;200,00;500,00;327,33;327,58;286,60;263,00;244,36;241,00;244,77;253,61;267,01;283,10;;;
South Africa;Wheat;Thousand tonnes;1 709.00;2 142.00;1 324.00;1 984.00;1 840.00;1 977.00;2 712.00;2 429.00;1 892.00;1 725.00;2 428.00;2 504.00;2 438.00;1 547.00;1 680.00;1 905.00;2 105.00;1 905.00;2 172.00;1 967.00;1 436.00;2 013.00;1 879.00;1 879.00;1 759.00;1 449.00;1 910.00;1 535.00;1 868.00;1 535.00;2 147.90;2 079.51;2 022.68;1 963.35;1 926.71;1 858.40;1 804.11;1 749.22;1 676.79;1 597.23;1 511.02;;;
Switzerland;Wheat;Thousand tonnes;563,00;602,00;546,00;591,00;584,00;631,00;679,00;597,00;594,10;489,45;561,16;496,20;508,50;428,40;528,30;521,40;533,20;533,60;536,99;536,96;507,47;547,82;511,57;476,03;546,37;523,17;382,69;524,69;490,83;456,02;445,99;493,79;493,56;494,40;494,21;493,60;493,55;493,75;493,92;494,09;493,94;;;
Thailand;Wheat;Thousand tonnes;0,00;0,00;0,00;0,00;0,00;0,00;0,70;0,80;0,80;0,75;0,80;0,80;0,80;0,80;0,80;0,80;1,00;1,00;1,00;1,00;1,00;1,00;1,00;2,00;1,00;1,00;1,00;1,30;1,30;1,00;1,00;0,01;0,01;0,02;0,02;0,01;0,01;0,01;0,02;0,02;0,02;;;
Türkiye;Wheat;Thousand tonnes;20 022.00;20 419.00;19 318.00;21 016.00;17 514.00;18 015.00;18 515.00;18 650.00;21 000.00;18 000.00;21 009.00;19 007.00;19 500.00;19 000.00;21 000.00;21 500.00;20 010.00;17 234.00;17 782.00;20 600.00;19 674.00;21 800.00;20 100.00;22 050.00;19 000.00;22 600.00;20 600.00;21 500.00;20 000.00;19 000.00;20 500.00;20 663.82;20 947.13;21 192.35;21 485.88;21 770.14;22 094.78;22 419.79;22 745.29;23 078.23;23 409.07;;;
Ukraine;Wheat;Thousand tonnes;0,00;27 860.51;19 507.00;21 831.00;13 857.00;17 000.00;15 000.00;19 000.00;17 000.00;15 000.00;11 000.00;21 333.00;19 756.00;3 600.00;17 520.00;18 699.00;13 947.30;13 937.70;25 885.40;20 886.40;16 851.30;22 323.60;15 762.60;22 279.30;24 113.97;26 532.10;26 099.00;26 159.00;24 605.84;28 327.90;25 100.00;29 029.11;29 546.19;30 357.99;31 258.70;31 948.47;32 748.17;33 541.60;34 327.41;35 107.61;35 858.12;;;
United Kingdom;Wheat;Thousand tonnes;14 033.00;14 363.00;14 095.00;12 890.00;13 316.00;14 312.00;16 100.00;15 018.00;15 449.00;14 867.00;16 704.00;11 580.00;15 973.00;14 288.00;15 473.00;14 863.00;14 755.00;13 221.00;17 222.40;14 076.00;14 878.00;15 257.00;13 261.00;11 921.00;16 608.94;16 433.04;14 383.47;14 838.37;13 564.48;16 271.36;10 132.99;15 096.02;15 170.41;15 229.36;15 444.36;15 523.72;15 849.93;15 936.73;16 276.01;16 595.10;16 877.89;;;
United States;Wheat;Thousand tonnes;74 296.96;53 890.40;67 136.43;65 220.42;63 168.34;59 401.64;61 981.72;67 536.50;69 324.60;62 460.72;60 642.69;53 000.44;44 062.70;63 821.52;58 732.13;57 289.68;49 315.39;56 255.47;68 012.78;60 365.09;60 065.71;54 404.78;61 290.43;58 106.16;55 139.62;56 119.39;62 841.74;47 355.84;51 302.16;52 581.31;49 696.42;51 456.31;51 672.97;51 909.17;52 082.34;52 049.40;52 487.35;52 952.43;52 774.38;53 170.96;53 584.09;;;
Viet Nam;Wheat;Thousand tonnes;0,00;0,00;0,00;0,00;0,00;0,00;0,00;0,00;0,00;0,00;0,00;0,00;0,00;0,00;0,00;0,00;0,00;0,00;0,00;0,00;0,00;0,00;0,00;0,00;0,00;0,00;0,00;0,00;0,00;0,00;0,00;0,00;0,00;0,00;0,00;0,00;0,00;0,00;0,00;0,00;0,00;;;
World;Wheat;Thousand tonnes;539 753.31;559 921.45;570 759.94;576 845.51;540 506.38;560 722.20;601 242.94;628 474.96;610 675.71;603 435.97;587 242.79;587 692.51;576 058.79;560 027.80;629 768.79;622 514.80;602 943.16;612 839.34;679 898.29;685 894.17;652 276.64;698 284.01;659 768.35;714 544.92;733 358.84;736 095.60;762 579.18;760 578.47;731 389.33;759 896.18;766 823.16;776 176.77;780 371.71;788 908.22;795 799.22;802 170.15;809 292.31;817 312.08;824 418.52;832 583.92;839 660.93;;;
Argentina;Maize;Thousand tonnes;7 685.00;10 701.00;10 901.00;10 360.00;11 404.00;10 518.00;15 537.00;19 361.00;13 504.00;16 781.00;15 359.00;14 712.00;15 045.00;14 951.00;20 483.00;14 446.00;21 755.00;22 017.00;13 121.00;22 677.00;23 800.00;21 197.00;32 100.00;33 000.00;33 800.00;39 800.00;49 500.00;43 460.00;57 000.00;58 500.00;60 255.00;57 200.22;57 960.46;58 941.47;59 317.13;60 222.97;61 442.33;62 626.79;63 751.96;64 605.63;65 577.23;;;
Australia;Maize;Thousand tonnes;193,70;268,90;198,80;204,10;242,40;311,10;397,70;271,80;338,20;406,00;345,00;454,00;310,00;395,00;420,00;362,00;239,00;387,00;376,00;328,00;357,00;451,00;506,00;390,00;495,00;400,00;436,00;387,00;327,00;207,00;200,79;346,08;350,16;354,71;355,24;356,86;359,52;363,20;366,69;369,65;372,41;;;
Brazil;Maize;Thousand tonnes;24 096.10;30 771.20;29 207.70;33 173.70;37 441.90;32 404.70;35 715.60;30 187.80;32 393.40;31 640.50;42 289.70;35 266.80;47 410.90;42 128.50;35 006.70;42 514.90;51 369.90;58 652.30;51 003.80;56 018.10;57 406.90;72 979.50;81 505.70;80 051.70;84 672.40;66 530.60;97 842.80;80 709.50;100 042.70;102 515.00;104 890.70;101 398.07;103 762.54;106 277.15;107 676.45;109 453.11;111 516.24;113 864.09;116 214.27;118 342.31;120 452.46;;;
BRICS;Maize;Thousand tonnes;140 942.15;142 977.27;146 714.70;161 194.70;151 360.90;165 833.70;185 191.60;155 680.80;184 890.40;183 767.10;215 245.09;173 440.00;191 140.60;184 774.80;194 565.70;206 591.80;228 919.25;249 692.72;262 104.50;263 381.03;283 893.05;322 746.94;354 023.62;379 324.15;380 567.54;375 480.40;420 216.61;394 873.25;408 157.75;422 169.30;424 508.68;429 433.83;440 103.04;447 820.40;452 829.68;458 338.55;464 179.79;470 211.16;476 448.79;482 570.76;488 829.23;;;
Canada;Maize;Thousand tonnes;7 066.60;7 412.50;4 882.60;6 755.20;7 189.90;7 280.90;7 541.70;7 179.80;8 952.40;9 161.30;6 953.70;8 389.20;8 998.80;9 587.30;8 836.80;9 332.20;8 989.80;11 648.70;10 642.80;9 796.20;12 043.30;11 358.70;13 060.10;14 190.70;11 606.40;13 679.50;13 889.00;14 095.50;13 884.80;13 403.90;13 563.41;12 698.60;12 906.87;13 120.27;13 249.55;13 409.71;13 587.60;13 793.05;13 999.01;14 191.33;14 379.15;;;
Chile;Maize;Thousand tonnes;836,00;911,00;899,00;937,00;942,00;932,00;881,00;943,00;624,00;652,00;778,00;924,00;1 190.00;1 321.00;1 508.00;1 382.00;1 123.00;1 365.00;1 346.00;1 358.00;1 438.00;1 493.00;1 519.00;1 186.00;1 539.00;1 174.00;1 062.50;1 110.60;973,18;592,90;594,48;609,05;602,04;608,62;610,05;619,00;631,21;643,45;654,73;665,21;676,32;;;
China (People's Republic of);Maize;Thousand tonnes;96 818.90;98 773.00;95 383.00;102 704.00;99 277.00;111 986.00;127 471.00;104 309.00;132 954.00;128 086.00;151 610.19;114 090.00;121 310.00;115 830.00;130 290.00;139 372.00;151 603.00;155 123.00;172 120.00;173 259.00;190 752.00;211 316.00;229 559.00;248 453.00;249 764.00;264 992.00;263 613.00;259 071.00;257 174.00;260 770.00;260 673.00;266 363.31;273 539.00;277 720.15;280 175.58;282 595.49;284 903.37;287 140.24;289 554.17;292 071.37;294 689.69;;;
Colombia;Maize;Thousand tonnes;1 213.00;1 274.00;1 056.00;1 130.00;1 161.00;1 020.00;967,00;978,00;755,00;960,00;1 204.00;1 192.00;1 132.00;1 513.90;1 623.20;1 588.30;1 531.10;1 733.20;1 726.50;1 560.30;1 421.80;1 719.70;1 872.80;1 779.00;1 803.00;1 471.00;1 295.10;1 578.91;1 500.00;1 550.00;1 430.00;1 626.40;1 510.58;1 545.35;1 558.73;1 576.64;1 624.01;1 664.75;1 696.73;1 721.25;1 745.17;;;
Egypt;Maize;Thousand tonnes;4 799.00;5 122.00;5 069.00;5 039.00;5 112.00;4 535.00;5 165.00;5 806.00;6 337.00;6 143.00;6 474.00;6 842.00;6 357.00;6 530.00;6 236.00;7 698.00;6 374.00;6 243.00;7 401.00;7 686.00;7 041.00;6 876.00;8 094.00;7 957.00;8 060.00;7 803.00;7 818.00;8 542.00;7 300.00;7 450.00;7 500.00;7 329.41;7 437.75;7 526.97;7 558.33;7 612.58;7 677.35;7 740.52;7 798.21;7 850.66;7 907.38;;;
Ethiopia;Maize;Thousand tonnes;0,00;0,00;0,00;1 396.00;1 990.00;3 164.00;2 463.00;2 987.00;2 344.00;2 832.00;2 683.00;3 298.00;2 826.00;2 744.00;2 906.00;3 912.00;4 030.00;3 337.00;3 776.00;3 897.00;4 986.00;6 069.00;6 158.00;6 492.00;7 235.00;7 882.00;7 847.00;8 396.00;9 493.00;9 636.00;9 200.00;9 587.23;9 879.32;10 300.13;10 597.70;10 905.45;11 212.20;11 493.00;11 763.20;12 021.11;12 275.90;;;
India;Maize;Thousand tonnes;8 962.00;8 064.00;9 992.00;9 601.00;8 884.00;9 534.00;10 769.00;10 816.00;10 677.00;11 509.60;12 043.20;13 160.20;11 151.70;14 984.30;14 180.00;14 709.90;15 097.00;18 955.40;19 731.40;16 719.50;21 725.80;21 760.00;22 260.00;24 259.51;24 170.00;22 570.00;25 900.00;28 753.00;27 715.00;28 636.00;28 500.00;30 101.48;30 456.50;30 798.11;31 336.07;31 944.12;32 606.15;33 218.10;33 823.97;34 425.31;35 034.59;;;
Indonesia;Maize;Thousand tonnes;6 256.00;7 995.00;6 460.00;6 869.00;8 246.00;9 307.00;8 771.00;10 169.00;9 204.00;9 676.90;9 347.20;9 654.10;10 886.40;11 225.20;12 523.90;11 609.50;13 287.53;16 323.92;17 629.74;18 327.64;17 643.25;19 387.02;18 511.85;19 008.43;19 612.44;20 369.55;20 500.00;21 655.00;22 586.00;22 500.00;23 132.40;23 744.02;23 927.91;24 394.53;24 734.30;25 180.22;25 697.61;26 149.57;26 575.25;27 026.15;27 458.93;;;
Iran;Maize;Thousand tonnes;130,00;188,00;200,00;210,00;512,00;545,00;637,00;915,00;941,00;1 156.00;1 120.00;1 064.00;1 430.00;1 650.00;1 926.00;1 995.00;2 166.13;2 361.30;1 560.99;1 335.00;1 657.00;1 907.01;1 798.00;1 852.00;1 658.88;1 168.63;1 170.59;1 211.00;1 338.00;1 100.00;1 275.00;1 226.08;1 206.45;1 202.95;1 198.60;1 204.93;1 217.47;1 232.13;1 242.25;1 248.94;1 253.82;;;
Israel;Maize;Thousand tonnes;96,00;90,00;79,00;71,00;66,00;64,00;7,00;7,00;8,00;8,00;8,00;7,00;6,00;0,00;20,00;13,00;78,00;93,00;99,00;81,00;86,00;96,00;85,00;110,00;163,60;89,00;80,00;90,00;94,00;88,00;81,00;92,00;91,05;94,31;95,61;98,49;102,27;105,68;108,82;111,75;114,71;;;
Japan;Maize;Thousand tonnes;0,81;0,73;0,70;0,50;0,42;0,30;0,25;0,27;0,23;0,18;0,19;0,17;0,16;0,14;0,15;0,16;0,15;0,00;0,00;0,00;0,00;0,00;0,00;0,00;0,00;0,00;0,00;0,00;0,00;0,00;0,00;0,00;0,00;0,00;0,00;0,00;0,00;0,00;0,00;0,00;0,00;;;
Kazakhstan;Maize;Thousand tonnes;0,00;330,00;368,00;355,00;234,00;136,00;122,00;111,00;167,00;198,00;247,00;320,00;435,00;437,00;458,00;432,00;413,61;421,22;420,16;471,20;462,04;481,96;520,43;569,26;663,99;734,09;762,36;784,70;862,09;895,98;958,00;990,78;1 000.88;1 014.53;1 029.91;1 046.62;1 066.80;1 086.57;1 106.05;1 125.34;1 144.54;;;
Korea;Maize;Thousand tonnes;119,87;74,61;92,20;82,11;88,58;74,47;72,17;86,76;80,20;79,33;64,20;57,22;73,22;70,24;77,62;73,47;64,62;83,51;92,83;76,97;74,34;73,61;83,21;80,47;82,01;78,24;73,68;72,59;74,68;75,10;73,58;72,18;70,98;70,06;69,10;68,43;67,82;67,15;66,37;65,53;64,71;;;
Malaysia;Maize;Thousand tonnes;35,00;35,00;36,00;38,00;40,00;43,00;45,00;48,00;50,00;57,00;65,00;67,00;70,00;72,00;72,00;75,00;32,08;32,08;32,96;36,40;47,60;59,84;83,60;86,50;59,19;62,46;64,87;72,56;84,17;85,00;85,00;90,44;89,57;91,03;92,24;94,26;97,08;99,87;102,42;104,81;107,26;;;
Mexico;Maize;Thousand tonnes;14 635.00;14 251.50;16 929.34;18 125.26;18 235.83;18 352.86;18 025.95;17 656.26;18 454.71;17 706.40;17 556.90;20 134.31;19 297.76;20 701.42;21 685.83;19 338.71;21 893.21;23 512.75;24 410.28;20 142.82;23 301.88;17 635.42;22 069.25;22 663.95;23 273.26;24 694.05;28 250.78;27 762.48;27 169.40;27 227.40;27 599.39;28 008.40;28 491.16;29 003.72;29 002.69;29 063.52;29 195.00;29 415.04;29 612.51;29 764.91;29 904.88;;;
New Zealand;Maize;Thousand tonnes;183,39;163,84;133,07;142,77;160,80;209,70;193,80;176,10;197,22;181,25;176,80;148,80;211,69;234,25;210,25;215,65;185,63;205,56;237,84;188,81;210,18;211,23;201,66;202,00;237,00;226,00;210,00;175,60;192,00;196,00;181,77;189,39;197,41;205,49;206,73;208,46;210,62;213,02;215,30;217,51;219,66;;;
Nigeria;Maize;Thousand tonnes;5 768.00;5 810.00;5 840.00;6 290.00;6 902.00;6 931.00;5 667.00;5 254.00;5 127.00;5 476.00;4 107.00;4 596.00;4 890.00;5 203.00;5 567.00;5 957.00;7 100.00;6 712.00;7 525.00;7 358.00;7 677.00;8 878.00;8 695.00;10 379.80;10 901.60;9 540.20;9 598.40;11 082.96;12 760.00;12 599.00;12 403.00;12 709.91;12 753.07;12 876.11;12 973.52;13 063.28;13 169.37;13 273.42;13 373.71;13 467.00;13 553.37;;;
Norway;Maize;Thousand tonnes;0,00;0,00;0,00;0,00;0,00;0,00;0,00;0,00;0,00;0,00;0,00;0,00;0,00;0,00;0,00;0,00;0,00;0,00;0,00;0,00;0,00;0,00;0,00;0,00;0,00;0,00;0,00;0,00;0,00;0,00;0,00;0,00;0,00;0,00;0,00;0,00;0,00;0,00;0,00;0,00;0,00;;;
OECD - Total;Maize;Thousand tonnes;264 645.12;266 172.16;312 702.39;237 931.49;334 188.37;266 726.05;319 900.03;327 370.89;334 813.20;331 886.66;334 031.97;337 922.50;324 286.93;347 202.33;410 866.33;383 704.93;362 782.93;424 624.56;416 416.64;430 404.72;419 257.17;421 784.27;376 649.54;464 621.13;484 040.23;452 854.66;499 430.89;487 081.28;483 332.08;465 425.12;473 290.27;484 458.64;488 874.34;493 750.83;493 785.16;495 411.37;498 243.48;502 296.86;506 270.65;509 207.63;511 969.51;;;
Pakistan;Maize;Thousand tonnes;1 185.00;1 203.00;1 184.00;1 213.00;1 318.00;1 504.00;1 491.00;1 517.00;1 665.00;1 652.00;1 643.20;1 664.40;1 737.10;1 897.40;2 797.00;3 109.60;3 088.00;3 604.70;3 593.00;3 261.50;3 706.91;4 338.38;4 220.10;4 944.21;4 936.75;5 270.91;6 134.00;5 902.00;6 308.90;6 700.00;7 000.00;7 146.10;7 228.85;7 430.50;7 582.48;7 749.49;7 935.47;8 104.96;8 279.80;8 452.64;8 621.36;;;
Paraguay;Maize;Thousand tonnes;401,00;450,00;439,00;462,00;816,00;654,00;1 056.00;874,00;817,00;647,00;947,00;867,00;932,00;1 120.00;830,00;1 100.00;1 250.00;1 425.00;1 858.00;3 109.00;3 346.00;3 079.50;4 120.00;3 200.00;4 985.90;5 152.00;5 156.00;5 344.60;5 576.90;5 834.59;6 009.63;6 220.19;6 334.02;6 499.10;6 611.58;6 762.22;6 947.64;7 138.31;7 326.35;7 511.69;7 700.85;;;
Peru;Maize;Thousand tonnes;660,00;520,00;772,00;725,00;715,00;810,00;826,00;933,00;1 059.00;1 241.00;1 311.00;1 291.00;1 354.00;1 200.00;1 243.00;1 269.00;1 362.00;1 481.00;1 560.00;1 541.00;1 516.00;1 674.00;1 671.35;1 530.00;1 746.00;1 510.00;1 482.30;1 568.50;1 546.80;1 480.00;1 502.32;1 590.73;1 620.97;1 669.58;1 706.23;1 750.19;1 805.59;1 864.95;1 921.97;1 978.49;2 036.87;;;
Philippines;Maize;Thousand tonnes;4 854.00;4 655.00;4 619.00;4 798.00;4 129.00;4 161.00;4 345.00;4 332.00;3 823.00;4 585.00;4 511.10;4 525.00;4 313.00;4 615.60;5 413.40;5 253.20;6 082.11;6 736.94;6 928.23;7 034.03;6 376.80;6 971.22;7 407.07;7 377.29;7 770.60;7 518.76;7 218.82;7 914.91;7 771.92;7 978.85;8 118.55;8 392.41;8 400.52;8 515.48;8 644.46;8 777.79;8 958.36;9 117.29;9 270.88;9 422.40;9 574.42;;;
Russia;Maize;Thousand tonnes;2 451.15;2 092.07;2 135.00;2 441.00;892,00;1 738.00;1 100.00;2 675.00;900,00;1 100.00;1 530.00;847,00;1 563.00;2 122.00;3 373.00;3 060.00;3 510.35;3 798.02;6 682.30;3 963.43;3 084.35;3 932.44;8 212.92;11 634.94;11 332.14;13 173.30;15 309.81;13 235.75;11 419.00;14 282.30;14 000.00;14 869.23;15 309.54;15 765.16;16 169.79;16 568.45;17 015.09;17 457.34;17 916.96;18 359.65;18 811.06;;;
Saudi Arabia;Maize;Thousand tonnes;4,00;5,00;5,00;6,00;6,00;6,00;7,00;6,00;7,00;4,00;41,00;20,00;30,00;36,00;54,00;91,00;126,00;135,00;163,00;161,40;79,00;91,70;93,40;95,40;80,00;77,00;94,00;80,00;84,00;89,00;88,00;81,61;77,36;69,06;62,39;58,19;57,28;57,98;59,89;62,80;66,49;;;
South Africa;Maize;Thousand tonnes;8 614.00;3 277.00;9 997.00;13 275.00;4 866.00;10 171.00;10 136.00;7 693.00;7 966.00;11 431.00;7 772.00;10 076.00;9 705.00;9 710.00;11 716.00;6 935.00;7 339.00;13 164.00;12 567.00;13 421.00;10 924.00;12 759.00;12 486.00;14 925.00;10 629.00;8 214.50;17 551.00;13 104.00;11 807.05;15 966.00;16 444.98;16 701.74;17 035.45;17 259.83;17 471.78;17 777.38;18 138.94;18 531.39;18 939.43;19 372.11;19 841.43;;;
Switzerland;Maize;Thousand tonnes;233,00;227,00;193,00;193,00;257,00;225,00;203,00;194,00;191,81;192,34;212,39;217,60;189,00;90,70;180,90;198,90;152,40;177,60;170,70;174,03;143,50;178,00;175,00;153,00;169,00;113,00;144,41;162,45;134,83;133,04;146,69;146,54;146,45;146,36;146,06;145,84;145,66;145,57;145,46;145,31;145,14;;;
Thailand;Maize;Thousand tonnes;3 722.00;3 793.00;3 672.00;3 231.00;3 893.00;4 147.00;4 533.00;3 832.00;4 617.00;4 286.00;4 462.00;4 466.00;4 230.00;4 178.00;4 216.00;3 943.00;3 716.00;3 890.00;4 249.00;4 616.00;4 861.00;4 984.26;4 947.53;4 876.18;4 729.53;4 611.00;4 615.00;4 821.00;5 035.00;4 309.00;5 000.00;4 476.49;4 564.03;4 611.74;4 650.08;4 683.38;4 719.61;4 767.34;4 813.20;4 858.53;4 904.64;;;
Türkiye;Maize;Thousand tonnes;2 100.00;2 180.00;2 225.00;2 500.00;1 850.00;1 900.00;2 000.00;2 080.00;2 300.00;2 297.00;2 300.00;2 200.00;2 100.00;2 800.00;3 000.00;4 200.00;3 811.00;3 535.00;4 274.00;4 250.00;4 310.00;4 200.00;4 600.00;5 900.00;5 950.00;6 400.00;6 400.00;5 900.00;5 700.00;6 000.00;6 031.00;6 655.86;6 702.30;6 699.06;6 727.77;6 842.44;7 002.96;7 146.01;7 279.65;7 406.87;7 537.55;;;
Ukraine;Maize;Thousand tonnes;0,00;4 747.00;2 851.00;3 785.00;1 539.00;3 600.00;1 870.00;5 340.00;2 301.00;1 737.00;3 800.00;3 850.00;4 180.00;6 880.00;8 870.00;7 167.00;6 425.60;7 421.10;11 446.80;10 486.30;11 953.00;22 837.90;20 961.30;30 949.55;28 496.81;23 327.57;28 074.61;24 668.80;35 801.05;35 880.05;30 284.00;38 564.94;38 872.23;39 462.59;39 953.85;40 625.29;41 362.74;42 052.05;42 715.11;43 353.47;44 009.29;;;
United Kingdom;Maize;Thousand tonnes;0,00;0,00;0,00;0,00;0,00;0,00;0,00;0,00;0,00;0,00;0,00;0,00;0,00;0,00;0,00;0,00;0,00;0,00;0,00;0,00;0,00;0,00;0,00;0,00;0,00;0,00;0,00;0,00;0,00;0,00;0,00;0,00;0,00;0,00;0,00;0,00;0,00;0,00;0,00;0,00;0,00;;;
United States;Maize;Thousand tonnes;201 539.47;189 879.95;240 734.75;160 947.07;256 625.99;187 314.35;234 523.96;233 871.13;247 887.96;239 558.64;251 863.37;241 395.21;228 821.22;256 915.83;299 921.41;282 267.02;267 610.07;332 105.75;307 389.60;332 562.98;316 178.69;313 968.72;273 198.51;351 284.26;361 114.83;345 518.00;384 789.50;370 970.81;364 264.68;345 975.24;360 251.16;368 645.79;372 130.85;375 974.54;375 475.01;376 401.41;378 381.47;381 546.24;384 658.54;386 835.06;388 846.70;;;
Viet Nam;Maize;Thousand tonnes;671,00;672,00;748,00;882,00;1 144.00;1 177.00;1 537.00;1 651.00;1 612.00;1 753.00;2 006.00;2 162.00;2 511.00;3 136.00;3 430.90;3 787.10;3 854.50;4 303.20;4 573.10;4 371.70;4 606.80;4 835.72;4 973.48;5 190.90;5 202.51;5 287.26;5 247.00;5 109.77;4 874.05;4 757.00;4 608.00;4 820.76;4 854.76;4 918.91;4 944.08;4 992.23;5 072.27;5 153.22;5 235.27;5 298.71;5 374.98;;;
World;Maize;Thousand tonnes;469 836.06;482 819.90;538 609.69;480 059.80;569 054.48;522 071.85;593 049.34;582 697.11;610 663.09;613 799.56;641 741.94;609 230.16;617 620.12;639 879.95;727 885.53;712 997.94;723 936.77;811 864.91;822 466.31;851 122.04;866 891.67;923 625.42;919 950.65;1 054 735.71;1 075 410.96;1 035 711.18;1 153 396.48;1 106 702.19;1 148 124.10;1 148 622.47;1 157 533.90;1 183 380.71;1 201 435.47;1 218 906.46;1 227 236.31;1 239 019.15;1 253 281.66;1 268 789.36;1 284 232.79;1 298 148.79;1 312 195.37;;;
Argentina;Rice;Thousand tonnes;291,040;236,640;498,440;413,440;413,160;629,680;670,480;819,400;687,540;1 127.440;614,721;584,120;484,840;488,240;720,800;650,080;811,580;734,468;853,400;910,452;845,444;1 188.708;1 066.240;1 063.180;1 074.400;1 060.800;952,000;904,400;930,240;809,109;816,000;871,153;870,223;872,049;875,095;880,998;884,068;885,631;885,773;886,821;888,568;;;
Australia;Rice;Thousand tonnes;740,000;957,000;858,000;1 042.000;1 016.000;966,000;1 255.000;1 324.000;1 362.000;1 084.000;1 643.000;1 192.000;438,000;553,000;339,000;1 003.000;163,000;17,614;60,868;196,685;723,283;918,733;1 161.115;819,276;690,390;273,688;807,304;635,113;66,835;52,780;380,000;387,638;395,375;403,649;411,795;420,387;428,862;437,588;446,320;455,359;464,529;;;
Brazil;Rice;Thousand tonnes;5 338.560;6 697.990;6 769.010;6 635.010;7 050.410;7 529.460;6 724.790;6 381.080;5 670.210;7 875.760;7 767.708;7 062.480;7 225.748;7 049.628;8 813.072;9 081.536;7 970.756;7 694.812;8 210.320;8 569.700;7 929.412;9 256.908;7 887.660;8 037.396;8 242.688;8 465.048;7 210.040;8 382.904;8 203.520;7 128.440;7 604.712;7 570.733;7 515.487;7 509.256;7 490.901;7 496.090;7 465.906;7 424.579;7 377.033;7 336.131;7 307.472;;;
BRICS;Rice;Thousand tonnes;207 759.130;205 674.850;206 083.540;208 462.150;209 372.040;211 856.200;222 492.086;226 754.742;228 282.396;233 965.244;222 047.915;222 542.528;199 095.012;206 078.591;215 090.037;225 147.330;226 486.428;232 762.546;240 070.266;232 969.229;240 071.812;254 588.950;255 656.190;256 925.601;258 355.505;259 299.423;262 590.908;267 812.124;271 032.177;270 681.793;280 049.716;282 354.548;283 622.746;284 364.338;286 168.845;288 396.512;290 571.577;292 774.931;294 943.070;297 171.534;299 386.849;;;
Canada;Rice;Thousand tonnes;0,000;0,000;0,000;0,000;0,000;0,000;0,000;0,000;0,000;0,000;0,000;0,000;0,000;0,000;0,000;0,000;0,000;0,000;0,000;0,000;0,000;0,000;0,000;0,000;0,000;0,000;0,000;0,000;0,000;0,000;0,000;0,000;0,000;0,000;0,000;0,000;0,000;0,000;0,000;0,000;0,000;;;
Chile;Rice;Thousand tonnes;91,520;78,740;89,840;88,160;89,500;98,250;102,960;72,280;70,190;41,050;90,922;96,441;95,499;94,758;80,289;78,606;107,882;74,232;81,702;85,673;63,733;87,759;100,815;87,692;90,788;110,076;117,108;86,054;129,760;117,706;117,573;125,399;124,517;126,860;126,554;127,138;127,912;129,183;130,524;132,035;133,557;;;
China (People's Republic of);Rice;Thousand tonnes;127 231.100;123 522.330;125 698.500;120 837.360;119 986.300;126 882.550;133 646.240;137 503.470;136 117.720;135 964.280;128 716.980;121 642.506;119 558.873;110 049.086;122 675.006;123 703.055;124 477.060;127 671.021;131 939.352;134 394.771;135 099.609;138 974.536;141 474.638;141 305.661;143 582.250;145 317.212;144 599.551;145 682.994;145 308.434;143 582.692;148 302.000;148 630.940;148 953.408;149 274.188;149 603.052;149 946.130;150 293.641;150 629.753;150 957.190;151 278.738;151 598.841;;;
Colombia;Rice;Thousand tonnes;1 380.000;1 008.600;1 017.000;1 068.600;1 050.000;1 185.920;1 131.520;1 244.400;1 567.313;1 485.930;1 584.727;1 510.775;1 654.363;1 633.915;1 708.901;1 500.428;1 336.482;1 439.696;1 643.397;1 686.332;1 351.976;1 366.179;1 322.886;1 390.099;1 260.368;1 423.289;1 798.805;1 838.093;1 762.166;1 802.135;2 005.821;2 012.161;2 019.161;2 027.734;2 034.063;2 041.591;2 048.829;2 056.728;2 064.621;2 073.094;2 081.323;;;
Egypt;Rice;Thousand tonnes;2 185.480;2 379.110;2 697.300;2 869.710;3 161.580;3 304.410;3 380.310;3 781.200;3 087.060;4 013.730;4 140.000;3 606.906;4 140.690;4 261.647;4 383.156;4 226.457;4 660.950;4 745.061;5 005.260;3 808.800;2 987.010;3 915.819;4 695.177;5 086.344;4 948.636;4 752.171;5 415.965;4 748.097;2 766.900;4 616.100;4 512.600;4 422.553;4 372.118;4 332.589;4 359.518;4 415.643;4 469.860;4 526.312;4 583.024;4 641.804;4 700.590;;;
Ethiopia;Rice;Thousand tonnes;0,000;0,000;0,000;0,000;0,000;0,000;0,000;0,000;0,000;6,500;6,500;10,010;9,100;8,450;7,800;7,800;7,280;46,345;46,410;67,015;58,760;57,590;78,650;60,060;85,670;82,420;88,401;98,162;111,705;110,910;115,700;120,336;126,769;133,599;137,735;141,412;144,600;147,780;150,827;153,878;156,848;;;
India;Rice;Thousand tonnes;74 291.290;74 679.800;72 860.400;80 300.280;81 810.100;76 980.270;81 730.080;82 540.120;86 080.300;89 679.810;84 976.915;93 340.005;71 820.258;88 529.760;83 130.156;91 789.923;93 356.001;96 690.168;99 180.292;89 089.788;95 980.132;105 299.931;105 240.000;106 645.600;105 480.000;104 405.400;109 698.430;112 757.605;116 480.000;118 870.000;122 999.800;125 031.569;126 056.258;126 504.608;127 982.374;129 837.176;131 671.355;133 555.997;135 422.444;137 347.236;139 248.854;;;
Indonesia;Rice;Thousand tonnes;30 721.720;30 389.200;32 803.200;32 763.760;30 783.720;32 828.400;33 216.300;31 107.510;30 996.000;32 147.310;32 800.168;31 891.352;32 541.680;32 950.963;34 183.932;34 223.495;34 415.497;34 501.507;36 441.979;37 025.251;37 193.999;36 551.512;37 459.169;37 703.798;37 053.908;38 290.864;37 263.158;37 285.567;37 900.182;34 957.502;35 313.430;35 824.272;36 351.175;36 212.610;36 433.984;36 469.858;36 418.444;36 476.725;36 616.521;36 650.202;36 733.224;;;
Iran;Rice;Thousand tonnes;1 307.460;1 484.910;1 486.800;1 437.030;1 423.170;1 449.000;1 691.550;1 480.500;1 745.730;1 479.240;1 272.266;1 283.694;1 862.464;1 890.584;1 639.876;1 765.264;1 684.852;1 718.433;1 335.152;1 378.369;1 606.049;1 220.993;1 522.200;1 580.247;1 514.003;1 514.266;1 884.075;2 067.870;2 003.370;2 852.384;2 515.500;2 518.122;2 516.863;2 595.096;2 624.738;2 666.852;2 708.957;2 763.130;2 812.828;2 861.885;2 907.797;;;
Israel;Rice;Thousand tonnes;0,000;0,000;0,000;0,000;0,000;0,000;0,000;0,000;0,000;0,000;0,000;0,000;0,000;0,000;0,000;0,000;0,000;0,000;0,000;0,000;0,000;0,000;0,000;0,000;0,000;0,000;0,000;0,000;0,000;0,000;0,000;0,000;0,000;0,000;0,000;0,000;0,000;0,000;0,000;0,000;0,000;;;
Japan;Rice;Thousand tonnes;9 512.094;8 701.224;9 579.138;7 097.604;10 854.786;9 737.688;9 371.664;9 082.650;8 117.760;8 312.550;8 597.940;8 205.642;8 053.434;7 059.552;7 909.380;8 221.044;7 751.736;7 894.884;7 993.638;7 677.444;7 749.924;7 760.796;7 874.952;7 898.508;7 816.968;7 636.674;7 746.300;7 541.544;7 436.448;7 387.524;7 396.389;7 472.647;7 353.242;7 236.428;7 120.558;7 006.634;6 894.780;6 784.347;6 675.488;6 568.493;6 463.407;;;
Kazakhstan;Rice;Thousand tonnes;0,000;343,500;311,480;268,800;188,760;122,990;150,870;170,350;157,470;132,930;142,938;132,533;132,800;182,291;183,959;189,828;192,630;196,365;169,885;204,769;248,925;231,316;233,984;229,648;251,459;281,608;298,703;326,497;322,094;373,987;371,366;381,939;377,017;382,162;389,027;397,030;403,745;411,196;418,218;425,611;432,801;;;
Korea;Rice;Thousand tonnes;5 605.979;5 384.388;5 330.826;4 749.562;5 059.764;4 694.956;5 322.962;5 449.561;5 096.879;5 262.700;5 290.771;5 514.796;4 926.746;4 451.135;5 000.149;4 768.368;4 679.991;4 407.743;4 843.478;4 916.080;4 295.413;4 224.019;4 006.185;4 230.011;4 240.739;4 326.915;4 196.691;3 972.468;3 868.045;3 880.522;3 996.483;3 981.067;3 960.284;3 935.641;3 900.178;3 856.918;3 812.155;3 768.624;3 727.472;3 688.681;3 652.624;;;
Malaysia;Rice;Thousand tonnes;1 215.070;1 241.690;1 298.180;1 357.080;1 379.010;1 372.550;1 438.610;1 368.240;1 256.790;1 316.920;1 381.030;1 351.464;1 415.148;1 454.154;1 467.049;1 489.776;1 406.897;1 530.593;1 516.462;1 620.223;1 588.440;1 661.572;1 674.744;1 677.000;1 834.831;1 767.407;1 766.115;1 657.302;1 701.588;1 517.064;1 476.445;1 585.230;1 593.323;1 623.335;1 626.315;1 632.912;1 641.090;1 656.145;1 669.649;1 684.329;1 698.788;;;
Mexico;Rice;Thousand tonnes;200,000;190,000;200,000;189,539;246,587;242,240;260,090;309,840;302,354;231,820;249,526;226,639;227,194;273,266;278,540;291,149;337,250;294,697;224,371;263,028;216,677;173,461;178,787;179,776;232,159;236,018;254,043;265,567;283,763;282,934;358,231;321,122;282,356;243,329;241,828;241,180;239,310;236,384;232,737;229,534;226,062;;;
New Zealand;Rice;Thousand tonnes;0,000;0,000;0,000;0,000;0,000;0,000;0,000;0,000;0,000;0,000;0,000;0,000;0,000;0,000;0,000;0,000;0,000;0,000;0,000;0,000;0,000;0,000;0,000;0,000;0,000;0,000;0,000;0,000;0,000;0,000;0,000;0,000;0,000;0,000;0,000;0,000;0,000;0,000;0,000;0,000;0,000;;;
Nigeria;Rice;Thousand tonnes;1 500.000;1 935.600;1 956.000;1 839.000;1 456.200;1 975.800;1 873.200;1 960.800;1 965.000;1 966.200;1 978.800;1 651.200;1 756.800;1 869.600;2 000.400;2 140.200;2 425.200;1 911.600;2 507.400;2 127.750;2 683.512;2 767.569;3 259.758;3 490.920;4 014.000;4 544.052;4 687.326;4 701.072;5 042.004;5 061.240;4 902.900;5 292.315;5 389.298;5 515.706;5 630.769;5 754.765;5 879.459;6 010.675;6 145.409;6 286.339;6 430.477;;;
Norway;Rice;Thousand tonnes;0,000;0,000;0,000;0,000;0,000;0,000;0,000;0,000;0,000;0,000;0,000;0,000;0,000;0,000;0,000;0,000;0,000;0,000;0,000;0,000;0,000;0,000;0,000;0,000;0,000;0,000;0,000;0,000;0,000;0,000;0,000;0,000;0,000;0,000;0,000;0,000;0,000;0,000;0,000;0,000;0,000;;;
OECD - Total;Rice;Thousand tonnes;24 026.876;22 826.934;24 220.223;20 526.923;26 012.057;23 844.656;24 648.758;25 149.427;24 170.539;24 766.875;25 249.860;25 354.596;23 919.573;22 154.933;24 697.459;24 870.620;22 557.330;22 504.167;23 265.886;24 141.202;24 431.948;22 678.100;23 301.141;22 892.407;23 551.818;22 444.507;24 363.494;22 270.605;22 851.548;21 656.804;23 269.665;22 742.012;22 852.132;22 737.248;22 622.959;22 526.874;22 443.794;22 356.302;22 270.995;22 150.117;22 079.851;;;
Pakistan;Rice;Thousand tonnes;3 262.290;3 244.950;3 116.220;3 995.330;3 447.050;3 965.980;4 304.810;4 332.830;4 673.660;5 155.910;4 802.400;3 881.940;4 478.905;4 847.756;5 024.511;5 547.439;5 438.051;5 558.778;6 954.142;6 882.773;4 822.410;6 159.745;5 536.100;6 798.064;7 003.000;6 800.999;6 849.023;7 450.390;7 202.266;7 412.985;8 180.088;8 772.399;8 864.040;8 987.162;9 030.092;9 098.779;9 159.145;9 232.686;9 301.998;9 373.153;9 441.849;;;
Paraguay;Rice;Thousand tonnes;60,200;59,500;69,300;63,000;66,500;63,910;62,090;66,430;70,280;98,840;76,720;79,800;78,890;81,900;95,760;75,950;93,590;94,500;104,790;153,860;224,140;289,240;280,140;435,680;566,230;602,245;602,427;648,627;628,040;750,400;833,312;860,380;877,796;903,833;924,087;947,059;969,856;994,006;1 018.351;1 043.840;1 069.494;;;
Peru;Rice;Thousand tonnes;661,710;561,660;572,010;667,920;966,960;765,140;806,010;978,060;1 037.830;1 309.850;1 288.823;1 379.160;1 438.301;1 450.036;1 254.529;1 678.483;1 607.179;1 655.891;1 899.907;2 033.987;1 925.334;1 784.632;2 069.465;2 071.806;1 969.697;2 142.958;2 152.709;2 066.357;2 419.372;2 168.047;2 250.930;2 279.262;2 309.173;2 341.123;2 368.627;2 398.580;2 429.029;2 460.925;2 492.856;2 525.609;2 558.256;;;
Philippines;Rice;Thousand tonnes;6 463.480;5 972.320;6 221.500;6 488.980;6 786.550;7 316.730;7 319.350;6 536.860;6 723.480;7 819.870;8 184.810;8 540.586;8 488.266;9 259.332;9 477.114;9 881.286;10 146.810;10 877.982;11 163.780;10 144.194;10 940.112;11 116.692;11 862.252;12 309.588;12 367.794;11 427.458;12 131.406;12 700.929;12 178.526;12 379.379;12 883.980;12 821.632;13 001.612;13 252.507;13 436.012;13 644.399;13 851.046;14 068.428;14 286.458;14 511.737;14 737.825;;;
Russia;Rice;Thousand tonnes;896,180;772,730;753,630;687,500;523,230;461,920;388,976;328,072;412,166;443,394;584,311;495,536;488,133;448,116;469,802;570,815;680,610;704,544;738,300;912,969;1 060.658;1 055.574;1 051.891;934,943;1 048.566;1 109.762;1 080.886;986,620;1 038.222;1 098.660;1 141.203;1 118.985;1 095.378;1 074.111;1 090.396;1 115.056;1 138.667;1 162.643;1 184.512;1 207.612;1 229.948;;;
Saudi Arabia;Rice;Thousand tonnes;0,000;0,000;0,000;0,000;0,000;0,000;0,000;0,000;0,000;0,000;0,000;0,000;0,000;0,000;0,000;0,000;0,000;0,000;0,000;0,000;0,000;0,000;0,000;0,000;0,000;0,000;0,000;0,000;0,000;0,000;0,000;0,000;0,000;0,000;0,000;0,000;0,000;0,000;0,000;0,000;0,000;;;
South Africa;Rice;Thousand tonnes;2,000;2,000;2,000;2,000;2,000;2,000;2,000;2,000;2,000;2,000;2,001;2,001;2,001;2,001;2,001;2,001;2,001;2,001;2,001;2,001;2,001;2,001;2,001;2,001;2,001;2,001;2,001;2,001;2,001;2,001;2,001;2,322;2,215;2,175;2,122;2,061;2,008;1,958;1,891;1,817;1,735;;;
Switzerland;Rice;Thousand tonnes;0,000;0,000;0,000;0,000;0,000;0,000;0,000;0,000;0,000;0,000;0,000;0,000;0,000;0,000;0,000;0,000;0,000;0,000;0,000;0,000;0,253;0,253;0,253;0,253;0,253;0,242;0,247;0,229;0,268;0,268;0,268;0,268;0,268;0,268;0,268;0,268;0,268;0,268;0,268;0,268;0,268;;;
Thailand;Rice;Thousand tonnes;11 381.760;13 504.800;13 185.050;12 211.910;13 975.480;14 574.590;14 783.780;15 609.960;15 225.330;16 001.860;17 108.728;18 558.508;18 530.704;19 742.826;19 113.926;20 288.976;19 853.380;21 499.774;21 199.226;21 447.476;23 834.648;25 224.186;25 156.000;24 336.444;20 930.454;18 153.364;21 089.334;21 779.016;21 414.452;18 722.684;19 436.320;20 095.441;20 329.549;20 591.368;20 830.688;21 080.346;21 329.312;21 586.639;21 844.149;22 107.970;22 371.561;;;
Türkiye;Rice;Thousand tonnes;138,000;114,000;129,000;135,000;120,000;120,000;168,000;165,000;189,000;204,000;210,000;216,000;216,000;223,200;294,000;360,000;417,600;388,800;451,800;450,000;516,000;540,000;528,000;540,000;498,000;552,000;552,000;540,000;564,000;600,000;588,000;644,453;657,591;668,774;664,120;668,644;672,313;678,908;685,879;694,146;702,685;;;
Ukraine;Rice;Thousand tonnes;0,000;68,030;61,391;45,382;52,696;53,379;55,685;43,350;47,820;42,420;59,830;45,823;50,292;56,028;53,627;61,364;66,367;72,036;67,167;95,314;98,716;113,323;106,587;96,782;33,950;41,688;43,222;42,621;46,163;36,398;38,739;39,895;40,936;41,637;41,888;42,384;42,792;43,293;43,791;44,324;44,857;;;
United Kingdom;Rice;Thousand tonnes;0,000;0,000;0,000;0,000;0,000;0,000;0,000;0,000;0,000;0,000;0,000;0,000;0,000;0,000;0,000;0,000;0,000;0,000;0,000;0,000;0,000;0,000;0,000;0,000;0,000;0,000;0,000;0,000;0,000;0,000;0,000;0,000;0,000;0,000;0,000;0,000;0,000;0,000;0,000;0,000;0,000;;;
United States;Rice;Thousand tonnes;4 928.083;5 029.107;5 669.979;4 931.240;6 241.397;5 486.873;5 417.419;5 777.317;5 821.515;6 503.428;6 023.563;6 797.029;6 661.278;6 312.113;7 336.877;7 049.590;6 143.529;6 263.496;6 430.817;6 942.251;7 674.676;5 837.300;6 298.223;5 998.307;7 014.862;6 096.174;7 074.846;5 625.781;7 065.375;5 843.614;6 738.035;6 113.732;6 380.922;6 417.640;6 451.252;6 495.264;6 555.732;6 605.417;6 653.991;6 659.138;6 710.745;;;
Viet Nam;Rice;Thousand tonnes;12 823.070;13 087.870;14 400.530;15 232.270;15 693.170;16 650.980;17 606.790;18 358.500;19 440.380;20 939.790;21 144.500;20 870.460;22 390.680;22 469.720;23 497.500;23 291.385;23 302.175;23 362.950;25 174.500;25 317.500;26 003.640;27 559.025;28 429.570;28 625.350;29 233.490;29 309.150;28 057.315;27 780.285;28 629.900;28 285.400;27 747.720;28 229.694;28 685.405;29 215.288;29 698.854;30 203.162;30 695.302;31 217.765;31 739.779;32 282.995;32 823.537;;;
World;Rice;Thousand tonnes;348 727.602;347 951.100;354 236.291;355 832.059;361 805.923;369 245.511;384 049.859;387 856.302;390 370.048;409 876.582;399 994.520;400 659.433;380 149.044;391 622.549;404 470.450;423 411.520;425 413.111;434 328.654;456 623.076;451 331.264;464 724.759;480 716.718;485 937.277;491 158.662;490 905.405;489 203.519;498 143.713;500 428.963;507 342.765;503 316.823;517 209.694;525 068.171;529 211.307;532 727.745;537 066.128;541 955.601;546 699.730;551 772.679;556 896.657;562 044.609;567 269.878;;;
Argentina;Soybean;Thousand tonnes;11 500.000;11 310.000;11 045.000;11 720.000;12 133.000;12 450.000;11 000.000;18 732.000;20 000.000;20 200.000;26 880.000;30 000.000;34 706.000;31 576.000;38 300.000;40 537.000;47 482.000;46 238.000;40 000.000;54 247.000;48 878.000;49 000.000;49 353.000;53 400.000;61 400.000;58 800.000;55 000.000;37 780.000;55 300.000;49 000.000;48 000.000;50 926.622;51 186.688;51 611.177;52 143.702;52 833.515;53 402.454;53 892.684;54 249.915;54 788.182;55 212.701;;;
Australia;Soybean;Thousand tonnes;62,017;62,600;48,889;81,263;27,247;44,606;74,376;54,040;107,189;104,020;48,649;63,061;9,212;59,807;44,689;50,149;25,490;34,730;80,105;59,600;29,750;52,272;69,523;31,609;37,439;39,520;31,018;51,237;42,028;41,200;44,055;41,898;40,394;40,861;41,297;41,750;42,211;42,686;43,151;43,626;44,097;;;
Brazil;Soybean;Thousand tonnes;19 418.600;23 042.100;25 059.200;25 934.100;23 189.700;23 166.874;26 392.636;31 369.900;30 765.000;32 344.600;38 431.800;41 916.900;52 017.500;49 792.700;52 304.600;55 027.100;58 391.800;60 017.700;57 165.500;68 688.200;75 324.300;66 383.000;81 499.400;86 120.800;96 228.000;95 697.605;115 026.672;123 258.561;120 718.100;126 344.800;132 953.200;134 296.302;136 495.752;138 857.860;140 263.556;141 683.672;143 018.287;144 794.555;146 325.919;148 077.614;149 335.056;;;
BRICS;Soybean;Thousand tonnes;20 135.930;35 934.300;39 323.191;46 550.825;43 600.772;42 030.114;45 224.529;51 728.436;51 713.031;52 264.996;59 342.554;63 233.535;73 449.030;72 596.177;77 362.836;80 606.198;84 437.336;84 568.296;83 649.496;95 334.939;105 266.001;95 946.021;112 065.606;112 809.762;122 839.775;120 601.165;145 873.790;154 682.321;155 822.903;161 189.501;170 696.906;172 700.804;175 520.675;178 660.178;180 672.252;182 720.214;184 533.506;186 824.952;188 823.843;191 085.503;192 771.962;;;
Canada;Soybean;Thousand tonnes;1 262.100;1 459.900;1 453.300;1 944.900;2 253.700;2 297.500;2 169.500;2 737.700;2 736.600;2 780.900;2 703.000;1 635.200;2 335.700;2 273.300;3 043.900;3 155.600;3 465.500;2 695.700;3 335.900;3 581.600;4 444.600;4 466.500;5 086.400;5 355.900;6 044.800;6 456.300;6 596.500;7 716.600;7 416.600;6 145.000;6 358.548;7 253.465;7 365.803;7 560.676;7 769.756;8 024.037;8 221.503;8 451.632;8 641.808;8 845.501;9 037.863;;;
Chile;Soybean;Thousand tonnes;0,000;0,000;0,000;0,000;0,000;0,000;0,000;0,000;0,000;0,000;0,000;0,000;0,000;0,000;0,000;0,000;0,000;0,000;0,000;0,000;0,000;0,000;0,000;0,000;0,000;0,000;0,000;0,000;0,000;0,000;0,000;0,000;0,000;0,000;0,000;0,000;0,000;0,000;0,000;0,000;0,000;;;
China (People's Republic of);Soybean;Thousand tonnes;0,000;9 710.000;10 300.000;15 307.000;16 000.000;13 500.000;13 220.000;14 728.000;15 152.000;14 251.000;15 410.000;15 407.000;16 507.000;15 394.000;17 404.000;16 350.000;15 967.000;12 725.000;15 545.000;15 225.000;15 410.000;14 880.000;13 435.000;12 405.000;12 685.000;12 365.000;13 595.000;15 280.000;15 967.100;18 100.000;19 600.000;19 991.315;20 360.648;20 822.347;21 208.071;21 590.562;21 825.735;22 078.834;22 276.065;22 504.688;22 671.050;;;
Colombia;Soybean;Thousand tonnes;0,000;96,002;113,212;109,390;94,993;58,103;90,297;71,968;72,000;39,000;38,000;56,000;54,000;63,000;64,000;64,000;65,000;65,000;65,000;65,000;65,000;80,000;70,000;70,000;70,652;70,000;70,000;70,000;70,000;75,000;75,000;76,033;77,229;78,424;79,203;80,117;81,129;82,368;83,495;84,705;85,729;;;
Egypt;Soybean;Thousand tonnes;0,000;58,943;50,475;67,245;63,427;39,718;34,600;25,000;30,000;30,000;30,000;15,000;18,000;29,000;43,000;26,000;23,026;26,000;29,010;26,000;43,000;30,000;26,000;33,000;40,000;30,000;35,000;30,000;30,000;30,000;30,000;29,846;30,172;30,606;30,759;30,857;30,936;31,095;31,240;31,411;31,550;;;
Ethiopia;Soybean;Thousand tonnes;0,000;20,000;21,000;22,000;21,000;22,000;23,000;23,000;24,000;25,000;25,000;25,000;25,000;25,000;25,000;25,000;25,000;25,000;25,000;7,000;16,000;36,000;64,000;61,000;72,000;85,000;82,000;115,000;120,000;120,000;120,000;124,287;127,474;130,450;132,650;134,957;137,360;140,064;142,630;145,382;147,906;;;
India;Soybean;Thousand tonnes;0,000;2 492.000;3 390.000;4 745.200;3 931.000;4 993.000;5 209.000;5 150.000;5 300.000;5 160.000;5 010.000;5 350.000;4 300.000;6 880.000;6 880.000;8 270.000;8 850.000;10 970.000;9 910.000;9 960.000;12 740.000;12 210.000;14 670.000;11 860.000;10 374.000;8 570.000;13 159.000;10 934.000;13 268.000;11 215.000;12 600.000;12 826.021;12 930.171;13 087.030;13 196.411;13 326.035;13 496.451;13 637.525;13 798.748;13 945.337;14 096.959;;;
Indonesia;Soybean;Thousand tonnes;0,000;1 555.450;1 869.710;1 708.530;1 564.850;1 680.010;1 517.180;1 357.000;1 382.000;1 383.000;1 020.000;827,000;672,000;672,000;724,000;808,000;749,000;590,000;777,000;975,000;910,000;851,000;843,000;780,000;963,000;858,000;543,000;600,000;650,000;424,000;620,000;615,952;621,685;626,554;630,231;634,175;638,551;644,167;649,161;654,477;658,835;;;
Iran;Soybean;Thousand tonnes;0,000;69,000;100,000;130,000;235,000;79,000;66,000;142,000;138,000;80,439;142,000;130,000;113,900;130,000;160,000;200,000;210,000;200,000;250,000;190,000;165,000;170,000;174,000;174,000;180,000;190,000;197,000;200,000;210,000;210,000;220,000;221,504;225,194;228,958;231,837;235,104;238,574;242,513;246,257;250,220;253,813;;;
Israel;Soybean;Thousand tonnes;0,000;0,000;0,000;0,000;0,000;0,000;0,000;0,000;0,000;0,000;0,000;0,000;0,000;0,000;0,000;0,000;0,000;0,000;0,000;0,000;0,000;0,000;0,000;0,000;0,000;0,000;0,000;0,000;0,000;0,000;0,000;0,000;0,000;0,000;0,000;0,000;0,000;0,000;0,000;0,000;0,000;;;
Japan;Soybean;Thousand tonnes;220,000;197,000;188,000;101,000;99,000;119,000;148,000;145,000;158,000;187,200;235,000;271,400;270,200;232,200;163,200;225,000;229,200;226,700;261,700;229,900;222,500;218,800;235,900;199,900;231,800;243,100;238,000;253,000;211,000;218,000;241,653;247,350;247,986;248,744;249,149;249,730;250,368;251,132;251,769;252,441;252,995;;;
Kazakhstan;Soybean;Thousand tonnes;0,000;14,000;11,800;5,860;5,510;3,715;2,953;3,311;4,000;4,000;4,000;7,000;7,000;50,000;50,000;50,000;48,000;70,000;89,000;94,000;114,000;153,000;170,000;203,000;218,000;220,000;231,000;255,000;255,000;282,000;285,000;294,146;292,737;300,815;304,816;309,399;314,655;319,950;325,163;330,534;335,636;;;
Korea;Soybean;Thousand tonnes;232,786;183,171;175,925;170,151;154,380;159,640;160,081;156,489;140,441;116,120;113,196;117,723;115,024;105,089;138,570;183,338;156,404;114,245;132,674;139,251;105,345;129,394;122,519;154,067;139,267;103,504;75,448;85,644;89,410;92,586;98,982;102,009;106,349;110,889;115,277;119,716;124,140;128,801;133,491;138,345;143,121;;;
Malaysia;Soybean;Thousand tonnes;0,000;0,001;0,001;0,001;0,001;0,001;0,001;0,001;0,001;0,001;0,001;0,001;0,001;0,001;0,001;0,001;0,001;0,001;0,001;0,001;0,001;0,001;0,001;0,001;0,001;0,001;0,001;0,001;0,001;0,001;0,001;0,001;0,001;0,001;0,001;0,001;0,001;0,001;0,001;0,001;0,001;;;
Mexico;Soybean;Thousand tonnes;575,000;724,969;593,540;497,566;522,583;189,774;56,074;184,526;150,300;132,819;102,400;121,800;86,500;126,006;133,347;187,017;81,113;88,371;153,022;120,942;167,666;205,234;247,500;239,248;387,366;341,088;509,114;432,928;324,011;244,446;268,411;351,500;381,111;410,976;441,898;473,043;494,509;515,997;537,567;559,839;582,112;;;
New Zealand;Soybean;Thousand tonnes;0,000;0,000;0,000;0,000;0,000;0,000;0,000;0,000;0,000;0,000;0,000;0,000;0,000;0,000;0,000;0,000;0,000;0,000;0,000;0,000;0,000;0,000;0,000;0,000;0,000;0,000;0,000;0,000;0,000;0,000;0,000;0,000;0,000;0,000;0,000;0,000;0,000;0,000;0,000;0,000;0,000;;;
Nigeria;Soybean;Thousand tonnes;0,000;145,000;154,000;163,000;178,000;192,000;322,000;361,000;410,000;429,000;436,000;464,000;494,000;528,000;565,000;605,000;617,000;600,000;720,000;620,000;620,000;680,000;650,000;518,000;679,000;650,000;760,000;650,000;670,000;700,000;700,000;706,029;712,689;719,207;723,980;729,313;734,752;740,717;746,086;751,584;756,232;;;
Norway;Soybean;Thousand tonnes;0,000;0,000;0,000;0,000;0,000;0,000;0,000;0,000;0,000;0,000;0,000;0,000;0,000;0,000;0,000;0,000;0,000;0,000;0,000;0,000;0,000;0,000;0,000;0,000;0,000;0,000;0,000;0,000;0,000;0,000;0,000;0,000;0,000;0,000;0,000;0,000;0,000;0,000;0,000;0,000;0,000;;;
OECD - Total;Soybean;Thousand tonnes;57 083.375;58 818.537;63 806.085;54 937.210;72 949.419;63 352.922;68 847.536;78 211.616;79 997.236;77 213.825;79 669.224;82 455.390;79 148.492;70 697.066;89 866.790;88 569.012;92 466.459;76 967.979;85 572.793;96 612.167;96 948.855;90 723.904;89 707.115;98 841.496;115 778.898;116 605.953;127 088.426;131 475.617;131 641.897;106 327.654;122 557.609;126 529.258;127 635.305;128 855.578;130 023.237;131 303.021;132 340.880;133 498.079;134 505.228;135 837.739;136 920.436;;;
Pakistan;Soybean;Thousand tonnes;0,000;1,327;2,355;5,268;7,228;2,694;7,311;9,000;9,000;9,000;9,000;9,000;9,000;9,000;9,000;9,000;9,000;9,000;9,000;9,000;9,000;9,000;4,000;4,000;10,000;4,000;2,000;2,000;2,000;2,000;2,000;2,090;2,135;2,192;2,223;2,256;2,290;2,333;2,373;2,414;2,452;;;
Paraguay;Soybean;Thousand tonnes;0,000;1 617.940;1 793.540;1 795.790;2 212.110;2 394.790;2 771.000;2 856.000;3 053.000;2 980.000;3 511.000;3 300.000;4 205.000;4 120.000;4 050.000;3 920.000;6 200.000;7 200.000;4 153.000;7 100.000;8 373.000;4 040.000;8 202.000;9 000.000;8 600.000;9 400.000;10 050.000;9 950.000;8 700.000;10 550.000;10 000.000;10 253.112;10 401.051;10 642.113;10 818.997;11 008.507;11 208.660;11 429.745;11 649.051;11 879.957;12 103.779;;;
Peru;Soybean;Thousand tonnes;0,000;0,304;0,963;0,800;1,358;2,209;7,268;3,000;3,000;3,000;3,000;3,000;3,000;3,000;3,000;3,000;3,000;3,000;3,000;5,000;5,000;5,000;5,000;5,000;5,000;5,000;5,000;5,000;5,000;5,000;5,000;5,250;5,340;5,495;5,584;5,679;5,785;5,909;6,031;6,161;6,284;;;
Philippines;Soybean;Thousand tonnes;0,000;3,240;3,676;4,275;4,344;3,524;2,000;1,000;2,000;2,000;2,000;2,000;2,000;1,000;1,000;1,000;1,000;1,000;1,000;1,000;1,000;1,000;1,000;1,000;1,000;1,000;1,000;1,000;1,000;1,000;1,000;1,059;1,079;1,101;1,118;1,131;1,147;1,167;1,187;1,207;1,227;;;
Russia;Soybean;Thousand tonnes;717,330;622,200;505,360;496,790;421,540;290,240;282,893;279,536;295,031;334,396;341,754;349,635;422,530;392,477;554,236;686,098;804,536;650,596;746,996;945,739;1 225.701;1 763.021;1 811.206;1 638.962;2 604.775;2 898.560;3 351.118;3 893.760;4 329.703;4 359.701;4 282.706;4 250.009;4 363.278;4 490.062;4 574.654;4 661.553;4 705.251;4 793.436;4 869.028;4 967.331;5 041.690;;;
Saudi Arabia;Soybean;Thousand tonnes;0,000;0,000;0,000;0,000;0,000;0,000;0,000;0,000;0,000;0,000;0,000;0,000;0,000;0,000;0,000;0,000;0,000;0,000;0,000;0,000;0,000;0,000;0,000;0,000;0,000;0,000;0,000;0,000;0,000;0,000;0,000;0,000;0,000;0,000;0,000;0,000;0,000;0,000;0,000;0,000;0,000;;;
South Africa;Soybean;Thousand tonnes;0,000;68,000;68,631;67,735;58,532;80,000;120,000;201,000;201,000;175,000;149,000;210,000;202,000;137,000;220,000;273,000;424,000;205,000;282,000;516,000;566,000;710,000;650,000;785,000;948,000;1 070.000;742,000;1 316.000;1 540.000;1 170.000;1 261.000;1 337.157;1 370.825;1 402.879;1 429.560;1 458.394;1 487.783;1 520.602;1 554.083;1 590.533;1 627.208;;;
Switzerland;Soybean;Thousand tonnes;2,611;3,621;4,743;4,121;4,663;4,848;4,733;6,197;7,514;7,553;3,750;1,250;4,860;5,900;7,100;4,000;3,000;2,600;2,900;3,000;3,100;3,300;3,050;3,553;3,882;4,054;4,500;5,642;3,740;5,350;5,930;6,031;6,133;6,238;6,344;6,452;6,561;6,673;6,786;6,902;7,019;;;
Thailand;Soybean;Thousand tonnes;0,000;435,587;480,148;520,600;524,100;453,700;359,094;337,790;321,235;319,015;279,000;261,000;236,000;223,000;215,000;220,000;212,000;184,000;187,000;176,000;152,000;96,000;64,000;53,000;52,000;58,000;55,000;38,000;43,000;43,000;43,000;43,924;44,116;44,293;44,306;44,348;44,416;44,557;44,647;44,763;44,792;;;
Türkiye;Soybean;Thousand tonnes;0,000;110,000;95,000;63,000;70,000;75,000;50,000;40,000;57,000;62,000;45,000;54,000;95,000;85,000;50,000;29,000;47,000;31,000;34,000;38,000;87,000;122,000;122,000;180,000;149,000;160,000;164,000;139,000;140,000;140,000;140,000;142,065;144,288;146,534;148,296;150,160;152,103;154,309;156,386;158,569;160,524;;;
Ukraine;Soybean;Thousand tonnes;0,000;135,327;120,000;61,000;31,000;22,000;15,000;18,000;36,000;45,000;64,000;74,000;125,000;245,000;264,000;613,000;889,000;722,000;813,000;1 043.000;1 680.000;2 260.000;2 410.000;2 663.000;3 871.000;3 931.000;4 277.000;3 899.000;4 461.000;3 699.000;2 862.000;3 107.485;3 179.484;3 275.960;3 334.672;3 394.583;3 450.740;3 519.293;3 583.539;3 649.888;3 710.278;;;
United Kingdom;Soybean;Thousand tonnes;0,000;0,000;0,000;0,000;0,000;0,000;0,000;0,000;0,000;0,000;0,000;0,000;0,000;0,000;0,000;0,000;0,000;0,000;0,000;0,000;0,000;0,000;0,000;0,000;0,000;0,000;0,000;0,000;0,000;0,000;0,000;0,000;0,000;0,000;0,000;0,000;0,000;0,000;0,000;0,000;0,000;;;
United States;Soybean;Thousand tonnes;52 415.294;54 064.584;59 603.040;50 893.920;68 448.240;59 167.584;64 774.080;73 178.381;74 599.056;72 250.315;75 061.728;78 681.456;75 007.296;66 788.064;85 022.784;83 362.608;87 009.552;72 857.232;80 749.872;91 418.544;90 602.064;84 206.304;82 791.072;91 391.328;106 877.232;106 850.016;116 919.936;120 049.776;120 512.448;96 671.232;112 538.160;115 323.951;116 216.620;117 135.785;118 007.162;118 938.597;119 701.531;120 534.793;121 260.568;122 287.482;123 087.564;;;
Viet Nam;Soybean;Thousand tonnes;0,000;80,000;80,000;105,700;124,500;125,500;113,800;113,000;146,700;147,200;149,300;176,300;201,400;201,000;201,000;293,000;258,000;275,000;268,000;215,000;299,000;267,000;174,000;168,000;158,000;146,000;148,000;102,000;81,000;76,000;76,000;82,156;84,379;87,305;88,667;89,725;91,114;93,019;95,023;96,953;98,928;;;
World;Soybean;Thousand tonnes;88 719.319;111 629.137;120 441.270;119 556.899;135 464.767;124 676.144;132 251.422;155 884.768;159 273.930;157 124.317;174 196.589;183 628.963;196 598.971;184 386.532;215 280.648;219 917.205;237 525.782;221 435.235;220 769.719;261 926.560;268 865.400;250 764.645;271 439.520;286 966.057;322 686.689;319 139.842;352 315.946;346 372.697;365 511.573;339 540.898;363 345.273;372 859.290;377 343.163;382 618.783;386 656.553;391 017.474;394 797.232;399 148.031;402 910.813;407 463.415;411 051.918;;;